ID,Nombre,Año,Duración,Metascore,Género,Director,Actores,Sinopsis
tt31193180,1. Los pecadores,2025,2h 17m,84,N/A,N/A,N/A,N/A
tt32149847,10. La cita,2025,1h 35m,65,N/A,N/A,N/A,N/A
tt9603212,100. Misión: Imposible - Sentencia mortal. Parte Uno,2023,2h 43m,81,N/A,N/A,N/A,N/A
tt17009710,1000. Anatomía de una caída,2023,2h 31m,86,N/A,N/A,N/A,N/A
tt9068514,10000. Perdida,2019,1h 46m,N/A,N/A,N/A,N/A,N/A
tt0486583,10001. Fred Claus: El hermano gamberro de Santa Claus,2007,1h 56m,42,N/A,N/A,N/A,N/A
tt7713810,10002. Recon,2019,1h 35m,N/A,N/A,N/A,N/A,N/A
tt27075304,10003. Chantal im Märchenland,2024,1h 58m,N/A,N/A,N/A,N/A,N/A
tt7485048,10004. Super 30,2019,2h 34m,N/A,N/A,N/A,N/A,N/A
tt0386005,10005. New Police Story,2004,2h 3m,N/A,N/A,N/A,N/A,N/A
tt1728196,10006. Hara-Kiri: muerte de un samurai,2011,2h 8m,76,N/A,N/A,N/A,N/A
tt2390630,10007. Medeas,2013,1h 37m,64,N/A,N/A,N/A,N/A
tt1773764,10008. Ship of Theseus,2012,2h 20m,N/A,N/A,N/A,N/A,N/A
tt1560985,10009. Devil Inside,2012,1h 23m,18,N/A,N/A,N/A,N/A
tt0453467,1001. Déjà vu,2006,2h 6m,59,N/A,N/A,N/A,N/A
tt10406466,10010. It Is in Us All,2022,1h 32m,70,N/A,N/A,N/A,N/A
tt4755910,10011. Sno Babies,2020,1h 49m,N/A,N/A,N/A,N/A,N/A
tt1331307,10012. Dread,2009,1h 38m,N/A,N/A,N/A,N/A,N/A
tt27651767,10013. Leader: Amie Bangladesh,2023,2h 24m,N/A,N/A,N/A,N/A,N/A
tt32221844,10014. Heartstrings Attached,2025,N/A,N/A,N/A,N/A,N/A,N/A
tt26936666,10015. Vettaiyan,2024,2h 43m,N/A,N/A,N/A,N/A,N/A
tt7422822,10016. Greener Grass,2019,1h 35m,69,N/A,N/A,N/A,N/A
tt1226232,10017. El mejor,2009,1h 39m,45,N/A,N/A,N/A,N/A
tt0435434,10018. Suwingu gâruzu,2004,1h 44m,N/A,N/A,N/A,N/A,N/A
tt14057604,10019. Rey de asesinos,2023,1h 32m,N/A,N/A,N/A,N/A,N/A
tt1355683,1002. Black Mass: Estrictamente criminal,2015,2h 3m,68,N/A,N/A,N/A,N/A
tt1234541,10020. El efecto mariposa 3,2009,1h 30m,N/A,N/A,N/A,N/A,N/A
tt5538800,10021. ¿Qué culpa tiene el niño?,2016,1h 45m,N/A,N/A,N/A,N/A,N/A
tt11681282,10022. El baile de las locas,2021,2h 2m,72,N/A,N/A,N/A,N/A
tt2404639,10023. La importancia de llamarse Oscar Wilde,2018,1h 45m,64,N/A,N/A,N/A,N/A
tt31645789,10024. The Hangman,2024,1h 32m,N/A,N/A,N/A,N/A,N/A
tt0828393,10025. Garden Party,2008,1h 28m,31,N/A,N/A,N/A,N/A
tt5326364,10026. Nelly,2016,1h 40m,58,N/A,N/A,N/A,N/A
tt1024744,10027. Vengo con la lluvia,2009,1h 54m,N/A,N/A,N/A,N/A,N/A
tt21261388,10028. Gargi,2022,2h 20m,N/A,N/A,N/A,N/A,N/A
tt1167638,10029. 22 balas,2010,1h 57m,N/A,N/A,N/A,N/A,N/A
tt0213149,1003. Pearl Harbor,2001,3h 3m,44,N/A,N/A,N/A,N/A
tt14772014,10030. De viaje con mi asesino,2023,1h 35m,37,N/A,N/A,N/A,N/A
tt15321508,10031. Forever Young,2023,1h 40m,N/A,N/A,N/A,N/A,N/A
tt2083355,10032. El reencuentro,2013,2h 3m,59,N/A,N/A,N/A,N/A
tt0330702,10033. No te muevas,2004,2h 5m,59,N/A,N/A,N/A,N/A
tt2991224,10034. Mandarinas,2013,1h 27m,73,N/A,N/A,N/A,N/A
tt15837458,10035. En el lugar equivocado,2022,1h 36m,N/A,N/A,N/A,N/A,N/A
tt4255110,10036. Contracted: Phase II,2015,1h 18m,35,N/A,N/A,N/A,N/A
tt11013434,10037. Vacaciones contigo... y tu mujer,2020,1h 36m,72,N/A,N/A,N/A,N/A
tt10279362,10038. French Exit,2020,1h 53m,56,N/A,N/A,N/A,N/A
tt28549053,10039. Tharaipadai,2025,1h 44m,N/A,N/A,N/A,N/A,N/A
tt21192142,1004. Desconocidos,2023,1h 45m,90,N/A,N/A,N/A,N/A
tt3501112,10040. Security,2017,1h 28m,N/A,N/A,N/A,N/A,N/A
tt4679210,10041. Premam,2015,2h 36m,N/A,N/A,N/A,N/A,N/A
tt9006564,10042. 2018,2023,2h 30m,N/A,N/A,N/A,N/A,N/A
tt1017464,10043. The Tortured,2010,1h 22m,9,N/A,N/A,N/A,N/A
tt1015976,10044. Columbus Day,2008,1h 30m,N/A,N/A,N/A,N/A,N/A
tt11209212,10045. Mira por mí,2021,1h 32m,59,N/A,N/A,N/A,N/A
tt14428606,10046. Un hombre enamorado,2021,1h 55m,N/A,N/A,N/A,N/A,N/A
tt1472082,10047. Getting That Girl,2011,1h 31m,N/A,N/A,N/A,N/A,N/A
tt0188055,10048. Extraña compasión,2000,1h 57m,N/A,N/A,N/A,N/A,N/A
tt8633560,10049. Lazy Susan,2020,1h 30m,37,N/A,N/A,N/A,N/A
tt8310486,1005. Miller's Girl,2024,1h 33m,41,N/A,N/A,N/A,N/A
tt9625664,10050. Testigo protegido,2019,1h 27m,N/A,N/A,N/A,N/A,N/A
tt17679584,10051. El caftán azul,2022,2h 2m,83,N/A,N/A,N/A,N/A
tt0240419,10052. La ciénaga,2001,1h 43m,78,N/A,N/A,N/A,N/A
tt0339034,10053. From Justin to Kelly,2003,1h 21m,14,N/A,N/A,N/A,N/A
tt1648112,10054. New Kids Turbo,2010,1h 24m,N/A,N/A,N/A,N/A,N/A
tt27817389,10055. Den Sidste Viking,2025,1h 50m,N/A,N/A,N/A,N/A,N/A
tt1373156,10056. Karthik Calling Karthik,2010,2h 15m,N/A,N/A,N/A,N/A,N/A
tt26625978,10057. Audrey,2024,1h 41m,N/A,N/A,N/A,N/A,N/A
tt21209210,10058. Purgatory Jack,2023,1h 41m,N/A,N/A,N/A,N/A,N/A
tt11281192,10059. Qalb,2024,2h 27m,N/A,N/A,N/A,N/A,N/A
tt5606664,1006. Doctor Sueño,2019,2h 32m,59,N/A,N/A,N/A,N/A
tt8108274,10060. Tanhaji: The Unsung Warrior,2020,2h 15m,N/A,N/A,N/A,N/A,N/A
tt14397058,10061. Aisha,2022,1h 34m,81,N/A,N/A,N/A,N/A
tt5727282,10062. Borg McEnroe. La película,2017,1h 47m,63,N/A,N/A,N/A,N/A
tt21651430,10063. The People's Joker,2022,1h 32m,78,N/A,N/A,N/A,N/A
tt6676028,10064. In a Relationship,2018,1h 32m,51,N/A,N/A,N/A,N/A
tt4352408,10065. David and Goliath,2016,1h 15m,N/A,N/A,N/A,N/A,N/A
tt0403455,10066. Sobre ruedas,2005,1h 52m,59,N/A,N/A,N/A,N/A
tt9010588,10067. El deseo de Ana,2019,1h 19m,N/A,N/A,N/A,N/A,N/A
tt5807412,10068. Whenever I'm Alone with You,2025,1h 31m,N/A,N/A,N/A,N/A,N/A
tt2347497,"10069. Noche de paz, noche de muerte",2012,1h 34m,53,N/A,N/A,N/A,N/A
tt29536384,1007. Lake George,2024,1h 58m,71,N/A,N/A,N/A,N/A
tt0248640,10070. Dinero sucio (Hard Cash),2002,1h 56m,N/A,N/A,N/A,N/A,N/A
tt1274586,10071. Caza Terrorista,2014,1h 34m,31,N/A,N/A,N/A,N/A
tt4982356,10072. The Forest,2016,1h 49m,N/A,N/A,N/A,N/A,N/A
tt13265876,10073. Depredador alpha,2021,1h 33m,N/A,N/A,N/A,N/A,N/A
tt36009904,10074. Rumah Untuk Alie,2025,1h 35m,N/A,N/A,N/A,N/A,N/A
tt9541602,10075. Trabajo extremo,2019,1h 51m,N/A,N/A,N/A,N/A,N/A
tt30447401,10076. Silent Love,2024,1h 56m,N/A,N/A,N/A,N/A,N/A
tt1321869,10077. The Lovers,2015,1h 49m,19,N/A,N/A,N/A,N/A
tt11767722,10078. Hijos del sol,2020,1h 39m,70,N/A,N/A,N/A,N/A
tt29001732,10079. Continental Split,2024,1h 28m,N/A,N/A,N/A,N/A,N/A
tt0265666,1008. Los Tenenbaums. Una familia de genios,2001,1h 50m,76,N/A,N/A,N/A,N/A
tt12590438,10080. Scarlett,2020,1h 43m,N/A,N/A,N/A,N/A,N/A
tt1181840,10081. La mecánica del corazón,2013,1h 34m,56,N/A,N/A,N/A,N/A
tt19755170,10082. Bawaal,2023,2h 17m,N/A,N/A,N/A,N/A,N/A
tt28184712,10083. Parking,2023,2h 7m,N/A,N/A,N/A,N/A,N/A
tt11087960,10084. Un pequeño mundo,2021,1h 12m,86,N/A,N/A,N/A,N/A
tt10406596,10085. You Are Not My Mother,2021,1h 33m,74,N/A,N/A,N/A,N/A
tt5700176,10086. Dark River,2017,1h 30m,69,N/A,N/A,N/A,N/A
tt4270516,10087. Grandma,2015,1h 19m,77,N/A,N/A,N/A,N/A
tt0150021,10088. Camouflage,2001,1h 38m,N/A,N/A,N/A,N/A,N/A
tt0304711,10089. Devorador de pecados,2003,1h 42m,21,N/A,N/A,N/A,N/A
tt28007064,1009. Superboys of Malegaon,2024,2h 7m,71,N/A,N/A,N/A,N/A
tt2764784,10090. Phoenix,2014,1h 38m,89,N/A,N/A,N/A,N/A
tt0235679,10091. Pokémon 3: El hechizo de los Unown,2000,1h 33m,22,N/A,N/A,N/A,N/A
tt26453759,10092. Don't Look Away,2023,1h 24m,N/A,N/A,N/A,N/A,N/A
tt0298504,"10093. Funerarias, S.A.",2002,1h 34m,N/A,N/A,N/A,N/A,N/A
tt0284034,10094. Demonlover,2002,2h 9m,67,N/A,N/A,N/A,N/A
tt2782232,10095. Circus of the Dead,2014,1h 45m,N/A,N/A,N/A,N/A,N/A
tt8020896,10096. An elephant sitting still,2018,3h 50m,86,N/A,N/A,N/A,N/A
tt2616810,10097. Blind,2014,1h 36m,83,N/A,N/A,N/A,N/A
tt1106860,10098. Ca$h,2010,1h 48m,N/A,N/A,N/A,N/A,N/A
tt7975192,10099. Hide and Seek,2021,1h 23m,N/A,N/A,N/A,N/A,N/A
tt8008948,101. Juego de ladrones: Pantera,2025,2h 24m,60,N/A,N/A,N/A,N/A
tt3464902,1010. Langosta,2015,1h 59m,82,N/A,N/A,N/A,N/A
tt0398883,10100. Las consecuencias del amor,2004,1h 40m,N/A,N/A,N/A,N/A,N/A
tt30223155,"10101. Canadian, Sniper",2024,1h 23m,N/A,N/A,N/A,N/A,N/A
tt0266391,10102. El maullido del gato,2001,1h 54m,63,N/A,N/A,N/A,N/A
tt27146069,10103. The Ruse,2024,1h 45m,N/A,N/A,N/A,N/A,N/A
tt7541838,10104. Sex and the Future,2020,1h 30m,N/A,N/A,N/A,N/A,N/A
tt0445760,10105. El sabor de la sandía,2005,1h 54m,45,N/A,N/A,N/A,N/A
tt13269670,10106. Nezha: El renacer de un Dios,2021,1h 58m,N/A,N/A,N/A,N/A,N/A
tt9525650,10107. Hentai oyaji: Love me! Itten daa,2018,N/A,N/A,N/A,N/A,N/A,N/A
tt27470893,10108. Chandu Champion,2024,2h 22m,N/A,N/A,N/A,N/A,N/A
tt1958043,10109. The Houses October Built,2014,1h 31m,N/A,N/A,N/A,N/A,N/A
tt0210945,1011. Titanes: Hicieron historia,2000,1h 53m,48,N/A,N/A,N/A,N/A
tt13153494,10110. Punch,2022,1h 38m,N/A,N/A,N/A,N/A,N/A
tt0327919,10111. La fuerza del valor,2003,1h 30m,47,N/A,N/A,N/A,N/A
tt28298505,10112. Sommartider,2024,1h 41m,N/A,N/A,N/A,N/A,N/A
tt7383628,10113. It Only Takes a Night,2023,1h 34m,N/A,N/A,N/A,N/A,N/A
tt3014666,10114. Desmadres de madres,2014,1h 38m,25,N/A,N/A,N/A,N/A
tt28104012,10115. Round the Decay,2025,1h 45m,N/A,N/A,N/A,N/A,N/A
tt4061010,10116. Blackway,2015,1h 30m,N/A,N/A,N/A,N/A,N/A
tt1634003,10117. Futbolín,2013,1h 46m,38,N/A,N/A,N/A,N/A
tt0222812,10118. Beyond Re-Animator,2003,1h 36m,N/A,N/A,N/A,N/A,N/A
tt1169809,10119. Book of Blood,2009,1h 40m,N/A,N/A,N/A,N/A,N/A
tt9214832,1012. Emma.,2020,2h 4m,71,N/A,N/A,N/A,N/A
tt4645368,10120. Solo el fin del mundo,2016,1h 37m,48,N/A,N/A,N/A,N/A
tt2535470,10121. Wyrmwood: La carretera de los muertos,2014,1h 38m,54,N/A,N/A,N/A,N/A
tt1588337,10122. De dioses y hombres,2010,2h 2m,86,N/A,N/A,N/A,N/A
tt3759416,10123. Astérix: La residencia de los dioses,2014,1h 25m,N/A,N/A,N/A,N/A,N/A
tt27949946,10124. Relatos Fantásticos,2023,1h 27m,N/A,N/A,N/A,N/A,N/A
tt29585679,10125. Drazen,2024,1h 40m,N/A,N/A,N/A,N/A,N/A
tt0216625,10126. Código desconocido,2000,1h 58m,74,N/A,N/A,N/A,N/A
tt0420757,10127. Diario de un ejecutivo agresivo,2006,1h 36m,N/A,N/A,N/A,N/A,N/A
tt11388416,10128. Ida Red: el precio de la libertad,2021,1h 51m,46,N/A,N/A,N/A,N/A
tt35319790,10129. Outerlands,2025,1h 40m,N/A,N/A,N/A,N/A,N/A
tt21051906,1013. Un asunto familiar,2024,1h 51m,43,N/A,N/A,N/A,N/A
tt1663143,10130. Diversión XL,2012,1h 26m,37,N/A,N/A,N/A,N/A
tt1230215,10131. Not Fade Away,2012,1h 57m,65,N/A,N/A,N/A,N/A
tt8480678,10132. Pinocho: La verdadera historia,2021,1h 34m,N/A,N/A,N/A,N/A,N/A
tt0265632,10133. La banda del patio,2001,1h 22m,43,N/A,N/A,N/A,N/A
tt4839424,10134. Qi che ren zong dong yuan,2015,1h 25m,N/A,N/A,N/A,N/A,N/A
tt32277931,10135. A Samurai in Time,2023,2h 11m,N/A,N/A,N/A,N/A,N/A
tt34614972,10136. Mickey's Slayhouse,2025,1h 28m,N/A,N/A,N/A,N/A,N/A
tt11332484,10137. The Road Dance,2021,1h 56m,54,N/A,N/A,N/A,N/A
tt1390535,10138. El Final,2010,1h 33m,N/A,N/A,N/A,N/A,N/A
tt16304140,10139. Butthole Surfers: The Hole Truth and Nothing Butt,2025,1h 46m,N/A,N/A,N/A,N/A,N/A
tt1615147,1014. Margin Call,2011,1h 47m,76,N/A,N/A,N/A,N/A
tt1524131,10140. Knucklehead,2010,1h 40m,24,N/A,N/A,N/A,N/A
tt3701862,10141. Fragmentos de Amor,2016,1h 40m,N/A,N/A,N/A,N/A,N/A
tt26315142,10142. Tótem,2023,1h 35m,91,N/A,N/A,N/A,N/A
tt4669974,10143. Abuso de poder,2019,1h 49m,N/A,N/A,N/A,N/A,N/A
tt26733094,10144. Kaadhal Enbadhu Podhu Udamai,2025,1h 48m,N/A,N/A,N/A,N/A,N/A
tt26258488,"10145. Bihter, pasión oculta",2023,1h 53m,N/A,N/A,N/A,N/A,N/A
tt35851026,10146. Yadang: The Snitch,2025,2h 2m,N/A,N/A,N/A,N/A,N/A
tt14158554,10147. Venganza a golpes,2022,1h 36m,44,N/A,N/A,N/A,N/A
tt13316770,10148. Gods of the Deep,2023,1h 18m,N/A,N/A,N/A,N/A,N/A
tt1037218,10149. Flashbacks of a Fool,2008,1h 53m,N/A,N/A,N/A,N/A,N/A
tt19623240,1015. Winnie the Pooh: Miel y sangre,2023,1h 24m,16,N/A,N/A,N/A,N/A
tt23864668,10150. Mahadev Ka Gorakhpur,2024,2h 11m,N/A,N/A,N/A,N/A,N/A
tt5653514,10151. Bad Day for the Cut,2017,1h 39m,N/A,N/A,N/A,N/A,N/A
tt1129445,10152. Amelia,2009,1h 51m,37,N/A,N/A,N/A,N/A
tt3697566,10153. El redentor,2014,1h 56m,N/A,N/A,N/A,N/A,N/A
tt0321442,10154. El gran destino,2003,1h 34m,N/A,N/A,N/A,N/A,N/A
tt1260502,10155. Ghost in the Shell 2.0,2008,1h 23m,N/A,N/A,N/A,N/A,N/A
tt2257436,10156. Hate Crime,2012,1h 13m,N/A,N/A,N/A,N/A,N/A
tt1376195,10157. Gunless,2010,1h 29m,N/A,N/A,N/A,N/A,N/A
tt0972555,10158. Exhibit A,2007,1h 25m,N/A,N/A,N/A,N/A,N/A
tt6958212,10159. Sweet Country,2017,1h 53m,88,N/A,N/A,N/A,N/A
tt0254686,1016. La pianista,2001,2h 11m,79,N/A,N/A,N/A,N/A
tt0896923,10160. La ciudad de tu destino final,2009,1h 57m,52,N/A,N/A,N/A,N/A
tt15546822,10161. Mukundan Unni Associates,2022,2h 8m,N/A,N/A,N/A,N/A,N/A
tt11649338,10162. Black Friday,2021,1h 24m,52,N/A,N/A,N/A,N/A
tt4900716,10163. Kapoor & Sons,2016,2h 12m,N/A,N/A,N/A,N/A,N/A
tt0263734,10164. Men with Brooms,2002,1h 42m,N/A,N/A,N/A,N/A,N/A
tt1701210,10165. Oro negro,2011,2h 10m,32,N/A,N/A,N/A,N/A
tt11057594,10166. Un desliz fatal,2020,1h 29m,34,N/A,N/A,N/A,N/A
tt0225071,10167. Mirada de ángel,2001,1h 42m,39,N/A,N/A,N/A,N/A
tt21389338,10168. What Comes Around,2022,1h 25m,N/A,N/A,N/A,N/A,N/A
tt9789042,10169. El taller,2021,1h 42m,57,N/A,N/A,N/A,N/A
tt1098327,1017. Dragonball Evolution,2009,1h 25m,45,N/A,N/A,N/A,N/A
tt2322517,10170. Atrapados (Mojave),2015,1h 33m,41,N/A,N/A,N/A,N/A
tt4844150,10171. Consejos de una canguro para cazar monstruos,2020,1h 38m,31,N/A,N/A,N/A,N/A
tt2039331,10172. E la chiamano estate,2012,1h 29m,N/A,N/A,N/A,N/A,N/A
tt11930126,10173. Alcarràs,2022,2h,85,N/A,N/A,N/A,N/A
tt1216300,10174. Jannat: In Search of Heaven...,2008,2h 20m,N/A,N/A,N/A,N/A,N/A
tt31031372,10175. Katas,2024,1h 41m,N/A,N/A,N/A,N/A,N/A
tt2043933,10176. Night Moves,2013,1h 52m,75,N/A,N/A,N/A,N/A
tt9318280,10177. El verano de Cody,2019,1h 23m,83,N/A,N/A,N/A,N/A
tt6224502,10178. Boarding School,2018,1h 51m,45,N/A,N/A,N/A,N/A
tt10736580,10179. El hechizo,2020,1h 31m,38,N/A,N/A,N/A,N/A
tt3079380,1018. Espías,2015,2h,75,N/A,N/A,N/A,N/A
tt7707692,10180. T11 Incomplete,2020,1h 45m,N/A,N/A,N/A,N/A,N/A
tt0280477,10181. Better Luck Tomorrow,2002,1h 41m,67,N/A,N/A,N/A,N/A
tt9415108,10182. El informe Auschwitz,2021,1h 34m,79,N/A,N/A,N/A,N/A
tt4920130,10183. Stolen from the Suburbs,2015,1h 27m,N/A,N/A,N/A,N/A,N/A
tt7258306,10184. Mi vida con el sexo,2014,1h 8m,N/A,N/A,N/A,N/A,N/A
tt5539052,10185. El rey de la polca,2017,1h 35m,65,N/A,N/A,N/A,N/A
tt2436516,10186. Go Goa Gone,2013,1h 48m,N/A,N/A,N/A,N/A,N/A
tt31556612,10187. We Will Dance Again,2024,1h 30m,N/A,N/A,N/A,N/A,N/A
tt0223268,10188. Faust: La venganza está en la sangre,2000,1h 41m,N/A,N/A,N/A,N/A,N/A
tt3519192,10189. Eva Braun,2014,1h 20m,N/A,N/A,N/A,N/A,N/A
tt1439572,1019. Perfect sense,2011,1h 32m,55,N/A,N/A,N/A,N/A
tt4273886,10190. Byuti insaideu,2015,2h 7m,48,N/A,N/A,N/A,N/A
tt10555668,10191. A Hard Place,2025,N/A,N/A,N/A,N/A,N/A,N/A
tt32986431,10192. Queens of the Dead,2025,1h 39m,N/A,N/A,N/A,N/A,N/A
tt5700182,10193. Starfish,2018,1h 41m,74,N/A,N/A,N/A,N/A
tt5208216,10194. Wonderstruck: El museo de las maravillas,2017,1h 56m,71,N/A,N/A,N/A,N/A
tt1328909,10195. Cummings Farm,2009,1h 38m,N/A,N/A,N/A,N/A,N/A
tt26739529,10196. Hasta el fondo: La historia de Pornhub,2023,1h 34m,63,N/A,N/A,N/A,N/A
tt18372308,10197. Servir a la gente,2022,2h 26m,N/A,N/A,N/A,N/A,N/A
tt1226766,10198. La gran Gilly Hopkins,2015,1h 39m,47,N/A,N/A,N/A,N/A
tt3799372,10199. 6 Years,2015,1h 19m,53,N/A,N/A,N/A,N/A
tt0289043,102. 28 días después,2002,1h 53m,73,N/A,N/A,N/A,N/A
tt11145118,1020. Creed III,2023,1h 56m,73,N/A,N/A,N/A,N/A
tt0323642,10200. La gran película de Piglet,2003,1h 15m,62,N/A,N/A,N/A,N/A
tt2881698,10201. Skinwalker Ranch,2013,1h 26m,N/A,N/A,N/A,N/A,N/A
tt0354668,10202. Salvar el planeta tierra,2003,1h 58m,70,N/A,N/A,N/A,N/A
tt2925730,"10203. Goodnight, Sugar Babe: The Killing of Vera Jo Reigle",2020,1h 27m,N/A,N/A,N/A,N/A,N/A
tt3739110,10204. The Yellow Birds,2017,1h 34m,56,N/A,N/A,N/A,N/A
tt26546715,10205. The Duel,2023,1h 40m,N/A,N/A,N/A,N/A,N/A
tt3660972,10206. Erótica: Luz de Luna,2008,1h 54m,N/A,N/A,N/A,N/A,N/A
tt15307234,10207. Diabolik ¿Quién eres?,2023,2h 4m,N/A,N/A,N/A,N/A,N/A
tt1320082,10208. El concierto,2009,1h 59m,60,N/A,N/A,N/A,N/A
tt2395339,10209. De madres a hijas,2016,1h 30m,29,N/A,N/A,N/A,N/A
tt0399146,1021. Una historia de violencia,2005,1h 36m,82,N/A,N/A,N/A,N/A
tt5254868,10210. The Thinning,2016,1h 21m,N/A,N/A,N/A,N/A,N/A
tt3064356,10211. The Beat Beneath My Feet,2014,1h 31m,N/A,N/A,N/A,N/A,N/A
tt1680045,10212. 360 - Juego de destinos,2011,1h 50m,43,N/A,N/A,N/A,N/A
tt0250720,10213. Spot,2001,1h 34m,24,N/A,N/A,N/A,N/A
tt15658626,10214. Here for Blood,2023,1h 40m,N/A,N/A,N/A,N/A,N/A
tt4229236,10215. Cobain: Montage of Heck,2015,2h 12m,83,N/A,N/A,N/A,N/A
tt32362494,10216. Chan hang rawang rao,2025,2h 10m,N/A,N/A,N/A,N/A,N/A
tt6350304,10217. Cambio de reinas,2017,1h 40m,N/A,N/A,N/A,N/A,N/A
tt1525366,10218. Grabbers,2012,1h 34m,62,N/A,N/A,N/A,N/A
tt24128644,10219. Malta,2024,1h 37m,N/A,N/A,N/A,N/A,N/A
tt1013752,1022. Fast & Furious: Aún más rápido,2009,1h 47m,46,N/A,N/A,N/A,N/A
tt22697898,10220. Kryptic,2024,1h 36m,N/A,N/A,N/A,N/A,N/A
tt15198608,10221. Presas de caza,2021,1h 27m,N/A,N/A,N/A,N/A,N/A
tt2338454,10222. Tienda de unicornios,2017,1h 32m,44,N/A,N/A,N/A,N/A
tt2243389,10223. Los amantes pasajeros,2013,1h 30m,55,N/A,N/A,N/A,N/A
tt31797432,10224. The Last Redemption,2024,2h 2m,N/A,N/A,N/A,N/A,N/A
tt3053228,10225. Day of the Dead: Bloodline,2017,1h 30m,N/A,N/A,N/A,N/A,N/A
tt10712788,10226. Fox Hunt,2025,1h 45m,N/A,N/A,N/A,N/A,N/A
tt21374850,10227. La belleza y el dolor,2022,1h 53m,91,N/A,N/A,N/A,N/A
tt2065877,10228. Apostle Peter and the Last Supper,2012,1h 28m,N/A,N/A,N/A,N/A,N/A
tt1764625,10229. Las aventuras de Tadeo Jones,2012,1h 32m,N/A,N/A,N/A,N/A,N/A
tt6475714,1023. Monster Hunter,2020,1h 43m,47,N/A,N/A,N/A,N/A
tt13515258,10230. Oracle,2023,1h 25m,N/A,N/A,N/A,N/A,N/A
tt2978462,10231. La gran aventura de Winter el delfín 2,2014,1h 47m,58,N/A,N/A,N/A,N/A
tt4575328,10232. 2036 Origin Unknown,2018,1h 34m,N/A,N/A,N/A,N/A,N/A
tt32646625,10233. Fairest of Them All,2025,Unrated,N/A,N/A,N/A,N/A,N/A
tt0275719,10234. Tape (La cinta),2001,1h 26m,71,N/A,N/A,N/A,N/A
tt1921149,"10235. Trash, ladrones de esperanza",2014,1h 54m,50,N/A,N/A,N/A,N/A
tt14926940,10236. The Kindness Within: A Journey to Freedom,2024,1h 30m,N/A,N/A,N/A,N/A,N/A
tt5644062,10237. A Swingers Weekend,2017,1h 30m,N/A,N/A,N/A,N/A,N/A
tt27542448,10238. Cuiden a Maya,2023,1h 43m,64,N/A,N/A,N/A,N/A
tt36129120,10239. Aachari Baa,2025,1h 38m,N/A,N/A,N/A,N/A,N/A
tt1673434,1024. La saga Crepúsculo: Amanecer - Parte 2,2012,1h 55m,52,N/A,N/A,N/A,N/A
tt32206574,10240. And the Breadwinner Is...,2024,2h 3m,N/A,N/A,N/A,N/A,N/A
tt5581688,10241. Riptide,2021,N/A,N/A,N/A,N/A,N/A,N/A
tt33992263,10242. Zombies: Christmas Apocalypse,2024,N/A,N/A,N/A,N/A,N/A,N/A
tt1799508,10243. After,2012,1h 30m,N/A,N/A,N/A,N/A,N/A
tt15434074,10244. ¿Dónde nos perdimos?,2023,2h 15m,N/A,N/A,N/A,N/A,N/A
tt15210256,10245. Stephen Curry: un jugador subestimado,2023,1h 50m,69,N/A,N/A,N/A,N/A
tt27827635,10246. Ricky,2025,1h 49m,80,N/A,N/A,N/A,N/A
tt1198075,10247. Cougars Inc.,2011,1h 19m,N/A,N/A,N/A,N/A,N/A
tt11932678,10248. Southern Gospel,2023,1h 49m,N/A,N/A,N/A,N/A,N/A
tt23724242,10249. Last Take: Rust and the Story of Halyna,2025,1h 30m,67,N/A,N/A,N/A,N/A
tt9214772,1025. Monkey Man,2024,2h 1m,70,N/A,N/A,N/A,N/A
tt12676006,10250. Borrego,2022,1h 42m,N/A,N/A,N/A,N/A,N/A
tt29253299,10251. Omaha,2025,1h 23m,76,N/A,N/A,N/A,N/A
tt1817232,"10252. Phineas y Ferb, la película: Candace contra el universo",2020,1h 26m,77,N/A,N/A,N/A,N/A
tt1116184,10253. Jackass 3D,2010,1h 34m,56,N/A,N/A,N/A,N/A
tt10702148,10254. El asesinato de dos amantes,2020,1h 25m,82,N/A,N/A,N/A,N/A
tt2235372,10255. Hijos del Sur,2020,1h 45m,60,N/A,N/A,N/A,N/A
tt2247476,10256. Un equipo legendario,2014,1h 55m,41,N/A,N/A,N/A,N/A
tt30253514,10257. Pavements,2024,2h 8m,79,N/A,N/A,N/A,N/A
tt2183034,10258. Tierra a Eco,2014,1h 31m,53,N/A,N/A,N/A,N/A
tt2005164,10259. Breathless,2012,1h 32m,N/A,N/A,N/A,N/A,N/A
tt27367464,1026. Kneecap,2024,1h 45m,76,N/A,N/A,N/A,N/A
tt0988982,10260. Gekijô-ban Naruto shippûden,2007,1h 34m,N/A,N/A,N/A,N/A,N/A
tt34573447,10261. The Solitary Gourmet,2024,1h 50m,N/A,N/A,N/A,N/A,N/A
tt2085930,10262. Starship Troopers: Invasion,2012,1h 29m,N/A,N/A,N/A,N/A,N/A
tt11246550,10263. Planet Gliese,2025,1h 30m,N/A,N/A,N/A,N/A,N/A
tt35162972,10264. Pintu Ki Pappi,2025,2h 15m,N/A,N/A,N/A,N/A,N/A
tt6992978,10265. The Souvenir: Part II,2021,1h 47m,90,N/A,N/A,N/A,N/A
tt23631668,10266. The Long Game,2024,1h 28m,N/A,N/A,N/A,N/A,N/A
tt1560970,10267. Neds,2010,2h 4m,N/A,N/A,N/A,N/A,N/A
tt9014656,10268. Narciso y Goldmundo,2020,1h 50m,N/A,N/A,N/A,N/A,N/A
tt8452344,10269. Cincuenta tartas para Jane,2023,2h,64,N/A,N/A,N/A,N/A
tt0309698,1027. Identidad,2003,1h 30m,64,N/A,N/A,N/A,N/A
tt26420234,10270. La música de John Williams,2024,1h 45m,74,N/A,N/A,N/A,N/A
tt1693110,10271. Showgirls 2: Penny's from Heaven,2011,2h 25m,N/A,N/A,N/A,N/A,N/A
tt6323306,10272. Nude,2017,1h 34m,N/A,N/A,N/A,N/A,N/A
tt1105355,10273. Creciendo con Smith,2015,1h 42m,N/A,N/A,N/A,N/A,N/A
tt13862974,10274. Steven Kan's Sharks of the Corn,2021,1h 45m,N/A,N/A,N/A,N/A,N/A
tt11044354,10275. Femalien: Cosmic Crush,2020,1h 39m,N/A,N/A,N/A,N/A,N/A
tt0964185,10276. Tetro,2009,2h 7m,65,N/A,N/A,N/A,N/A
tt2386285,10277. Camino a Paloma,2014,1h 31m,44,N/A,N/A,N/A,N/A
tt32263401,10278. Reflet dans un diamant mort,2025,1h 27m,N/A,N/A,N/A,N/A,N/A
tt14265992,10279. Aileen Wuornos: American Boogeywoman,2021,1h 25m,N/A,N/A,N/A,N/A,N/A
tt28510079,1028. Culpa tuya,2024,1h 58m,N/A,N/A,N/A,N/A,N/A
tt24076146,10280. La versión persa,2023,1h 47m,61,N/A,N/A,N/A,N/A
tt0464160,10281. Chup Chup Ke,2006,2h 44m,N/A,N/A,N/A,N/A,N/A
tt0365545,10282. Desmelenada,2018,1h 38m,63,N/A,N/A,N/A,N/A
tt0376108,10283. Rebote,2005,1h 26m,36,N/A,N/A,N/A,N/A
tt7468616,10284. El barco,2018,1h 28m,N/A,N/A,N/A,N/A,N/A
tt11614912,10285. She Dies Tomorrow,2020,1h 26m,81,N/A,N/A,N/A,N/A
tt23060796,10286. Hay algo en el granero,2023,1h 40m,N/A,N/A,N/A,N/A,N/A
tt30110854,10287. The Firing Squad,2024,1h 33m,N/A,N/A,N/A,N/A,N/A
tt6442670,10288. Chhota Bheem Master of Shaolin,2011,1h 15m,N/A,N/A,N/A,N/A,N/A
tt19800020,10289. 88,2022,2h 2m,44,N/A,N/A,N/A,N/A
tt1333125,1029. Movie 43,2013,1h 34m,18,N/A,N/A,N/A,N/A
tt11617052,10290. Ondina. Un amor para siempre,2020,1h 31m,75,N/A,N/A,N/A,N/A
tt32569057,10291. Mother's Pride,2025,1h 30m,N/A,N/A,N/A,N/A,N/A
tt1182937,10292. Rab Ne Bana Di Jodi,2008,2h 47m,N/A,N/A,N/A,N/A,N/A
tt14584284,10293. Separadamente juntos,2022,1h 38m,52,N/A,N/A,N/A,N/A
tt0982908,10294. Orozco el embalsamador,2001,1h 31m,N/A,N/A,N/A,N/A,N/A
tt7453418,10295. Nekrotronic,2018,1h 39m,25,N/A,N/A,N/A,N/A
tt28522540,10296. Sus hijos después de ellos,2024,2h 26m,57,N/A,N/A,N/A,N/A
tt0405163,10297. Los magnates del sexo,2005,1h 36m,45,N/A,N/A,N/A,N/A
tt1826590,10298. ¿Qué pasó anoche?,2014,1h 40m,62,N/A,N/A,N/A,N/A
tt3317874,10299. Charlie's Farm,2014,1h 33m,N/A,N/A,N/A,N/A,N/A
tt0144084,103. American Psycho,2000,1h 42m,64,N/A,N/A,N/A,N/A
tt14253846,1030. Speak No Evil,2022,1h 37m,78,N/A,N/A,N/A,N/A
tt1598873,10300. Amenaza terrorista,2012,1h 48m,N/A,N/A,N/A,N/A,N/A
tt2369396,10301. Bounty Killer,2013,1h 32m,48,N/A,N/A,N/A,N/A
tt2217859,10302. El amor es más fuerte que las bombas,2015,1h 49m,70,N/A,N/A,N/A,N/A
tt33347303,10303. Fränk,2025,1h 49m,N/A,N/A,N/A,N/A,N/A
tt3021360,10304. Faults,2014,1h 29m,70,N/A,N/A,N/A,N/A
tt3478962,10305. Mi amor,2015,2h 4m,68,N/A,N/A,N/A,N/A
tt7367960,10306. Ninja a cuadros,2018,1h 23m,N/A,N/A,N/A,N/A,N/A
tt1336006,10307. The Revenant,2009,1h 57m,57,N/A,N/A,N/A,N/A
tt22000724,10308. Fight Another Day,2024,1h 37m,N/A,N/A,N/A,N/A,N/A
tt7575046,10309. Riddle of Fire,2023,1h 55m,58,N/A,N/A,N/A,N/A
tt0413267,1031. Shrek tercero,2007,1h 33m,58,N/A,N/A,N/A,N/A
tt1711018,10310. Vile,2011,1h 28m,N/A,N/A,N/A,N/A,N/A
tt1132285,10311. Desaparecida,2012,1h 44m,N/A,N/A,N/A,N/A,N/A
tt16350410,10312. An Taibhse,2024,1h 32m,N/A,N/A,N/A,N/A,N/A
tt5816682,10313. La reina Victoria y Abdul,2017,1h 51m,58,N/A,N/A,N/A,N/A
tt23782140,10314. Vaazhai,2024,2h 14m,N/A,N/A,N/A,N/A,N/A
tt32896582,10315. The Getaway,2024,1h 26m,N/A,N/A,N/A,N/A,N/A
tt4104022,"10316. Personas, lugares y cosas",2015,1h 25m,68,N/A,N/A,N/A,N/A
tt28036417,10317. Seishun buta yaro wa ransel girl no yume o minai,2023,1h 15m,N/A,N/A,N/A,N/A,N/A
tt3451230,10318. High Strung,2016,1h 36m,48,N/A,N/A,N/A,N/A
tt30007740,10319. Death Down the Aisle,2024,1h 30m,N/A,N/A,N/A,N/A,N/A
tt1646971,1032. How to Train Your Dragon 2,2014,1h 42m,77,N/A,N/A,N/A,N/A
tt3573598,10320. London Road,2015,1h 31m,71,N/A,N/A,N/A,N/A
tt1821426,10321. Fin de semana en familia,2013,1h 45m,35,N/A,N/A,N/A,N/A
tt5685006,10322. Puppet master: The littlest reich,2018,1h 30m,52,N/A,N/A,N/A,N/A
tt8739752,10323. El caso Collini,2019,2h 3m,N/A,N/A,N/A,N/A,N/A
tt0842929,10324. Paranoid Park,2007,1h 25m,84,N/A,N/A,N/A,N/A
tt20597364,10325. Suze,2023,1h 33m,N/A,N/A,N/A,N/A,N/A
tt27502250,10326. Anselm,2023,1h 33m,82,N/A,N/A,N/A,N/A
tt14466284,10327. Futni mentem,2024,1h 45m,N/A,N/A,N/A,N/A,N/A
tt8672856,10328. Mentira o astucia,2023,2h 30m,N/A,N/A,N/A,N/A,N/A
tt15791574,10329. Wanted Man,2024,1h 25m,N/A,N/A,N/A,N/A,N/A
tt0338751,1033. El aviador,2004,2h 50m,77,N/A,N/A,N/A,N/A
tt14666592,10330. Milli Vanilli,2023,1h 46m,72,N/A,N/A,N/A,N/A
tt4437216,10331. Goat,2016,1h 36m,64,N/A,N/A,N/A,N/A
tt2040578,10332. U.F.O.,2012,1h 41m,N/A,N/A,N/A,N/A,N/A
tt2390237,10333. Cuban Fury,2014,1h 38m,52,N/A,N/A,N/A,N/A
tt1320236,10334. A Closed Book,2009,1h 28m,N/A,N/A,N/A,N/A,N/A
tt30876838,10335. Room Service,2024,47m,N/A,N/A,N/A,N/A,N/A
tt21442932,10336. Bula,2022,1h 44m,N/A,N/A,N/A,N/A,N/A
tt4536768,10337. Rescate en Osiris,2016,1h 39m,55,N/A,N/A,N/A,N/A
tt4230700,10338. La perfecta desconocida,2016,1h 31m,58,N/A,N/A,N/A,N/A
tt28492104,10339. Circus Maximus,2023,1h 15m,N/A,N/A,N/A,N/A,N/A
tt13320622,1034. La ciudad perdida,2022,1h 52m,60,N/A,N/A,N/A,N/A
tt8354752,10340. Emperor,2020,1h 39m,39,N/A,N/A,N/A,N/A
tt2071550,10341. Open Grave,2013,1h 42m,33,N/A,N/A,N/A,N/A
tt11778118,10342. Vicious Fun,2020,1h 41m,51,N/A,N/A,N/A,N/A
tt12683198,10343. Beyto,2020,1h 38m,N/A,N/A,N/A,N/A,N/A
tt7524444,10344. The House Next Door,2021,1h 37m,N/A,N/A,N/A,N/A,N/A
tt7035004,10345. El guardián de acero,2020,1h 40m,N/A,N/A,N/A,N/A,N/A
tt3759298,10346. Ashes in the Snow,2018,1h 38m,42,N/A,N/A,N/A,N/A
tt1753496,10347. Resident evil: La maldición,2012,1h 40m,N/A,N/A,N/A,N/A,N/A
tt13130948,10348. Shehzada,2023,2h 22m,N/A,N/A,N/A,N/A,N/A
tt0382330,10349. Tierra de ángeles,2004,2h 13m,N/A,N/A,N/A,N/A,N/A
tt12261776,1035. 65,2023,1h 33m,40,N/A,N/A,N/A,N/A
tt17162460,10350. Sweet Sue,2023,1h 39m,N/A,N/A,N/A,N/A,N/A
tt1465487,10351. Los seductores,2010,1h 45m,59,N/A,N/A,N/A,N/A
tt3491962,10352. Ángeles y forajidos,2016,2h,40,N/A,N/A,N/A,N/A
tt3608654,10353. The Coed and the Zombie Stoner,2014,1h 31m,N/A,N/A,N/A,N/A,N/A
tt1227183,10354. Golondrinas y amazonas,2016,1h 36m,65,N/A,N/A,N/A,N/A
tt2304459,10355. 23 Blast,2014,1h 38m,45,N/A,N/A,N/A,N/A
tt6222118,10356. The Doorman,2020,1h 37m,41,N/A,N/A,N/A,N/A
tt12440964,10357. When the Mist Clears,2022,1h 42m,N/A,N/A,N/A,N/A,N/A
tt0384814,10358. Pregúntale al viento,2006,1h 57m,58,N/A,N/A,N/A,N/A
tt10187208,10359. El chico que salvó la Navidad,2021,1h 46m,61,N/A,N/A,N/A,N/A
tt5580390,1036. La forma del agua,2017,2h 3m,87,N/A,N/A,N/A,N/A
tt4842646,10360. La mujer más odiada de América,2017,1h 31m,41,N/A,N/A,N/A,N/A
tt27302079,10361. Aattam,2023,2h 19m,N/A,N/A,N/A,N/A,N/A
tt0783238,10362. The dead girl,2006,1h 25m,65,N/A,N/A,N/A,N/A
tt32150684,10363. Liza Minnelli: absolutamente real,2024,1h 44m,76,N/A,N/A,N/A,N/A
tt12808182,10364. El último mercenario,2021,1h 50m,48,N/A,N/A,N/A,N/A
tt9206798,10365. El último acto,2018,1h 41m,59,N/A,N/A,N/A,N/A
tt0244167,10366. La novia de Drácula,2002,1h 31m,N/A,N/A,N/A,N/A,N/A
tt6787076,10367. Niemand in de stad,2018,1h 42m,N/A,N/A,N/A,N/A,N/A
tt21881904,10368. Isla Perdida,2024,2h 8m,N/A,N/A,N/A,N/A,N/A
tt19853698,10369. Música,2024,1h 31m,74,N/A,N/A,N/A,N/A
tt4649466,1037. Kingsman: El círculo de oro,2017,2h 21m,44,N/A,N/A,N/A,N/A
tt6053472,10370. La caravana del mal,2018,1h 35m,N/A,N/A,N/A,N/A,N/A
tt0437777,10371. Algo nuevo,2006,1h 39m,64,N/A,N/A,N/A,N/A
tt0995740,10372. No Smoking,2007,2h 8m,N/A,N/A,N/A,N/A,N/A
tt29429122,10373. Nonostante,2024,1h 33m,N/A,N/A,N/A,N/A,N/A
tt2181931,10374. English Vinglish,2012,2h 14m,N/A,N/A,N/A,N/A,N/A
tt4030442,10375. From the Dark,2014,1h 30m,N/A,N/A,N/A,N/A,N/A
tt0417189,10376. El tiempo que queda,2005,1h 21m,67,N/A,N/A,N/A,N/A
tt7455754,10377. The Game Changers,2018,1h 26m,N/A,N/A,N/A,N/A,N/A
tt0452039,10378. Mind Game,2004,1h 43m,66,N/A,N/A,N/A,N/A
tt1741243,10379. Crónicas de una casa de empeños,2013,1h 52m,26,N/A,N/A,N/A,N/A
tt16431870,1038. Plan en familia,2023,1h 58m,39,N/A,N/A,N/A,N/A
tt15558178,10380. Chestnut,2023,1h 27m,51,N/A,N/A,N/A,N/A
tt0250371,10381. Al otro lado del cielo,2001,1h 53m,38,N/A,N/A,N/A,N/A
tt2409300,10382. Killers,2014,2h 17m,51,N/A,N/A,N/A,N/A
tt1155592,10383. Man on Wire,2008,1h 34m,89,N/A,N/A,N/A,N/A
tt12036270,10384. Ryad 19,2021,1h 17m,N/A,N/A,N/A,N/A,N/A
tt11555492,10385. Farha,2021,1h 32m,N/A,N/A,N/A,N/A,N/A
tt4896168,10386. Reposo absoluto,2022,1h 30m,N/A,N/A,N/A,N/A,N/A
tt30021427,10387. Ferry 2,2024,1h 34m,N/A,N/A,N/A,N/A,N/A
tt14544678,10388. Attachment,2022,1h 45m,64,N/A,N/A,N/A,N/A
tt12146448,10389. Kaymak,2022,1h 46m,N/A,N/A,N/A,N/A,N/A
tt1856080,1039. Remando como un solo hombre,2023,2h 3m,54,N/A,N/A,N/A,N/A
tt16227014,10390. Fire of Love,2022,1h 38m,84,N/A,N/A,N/A,N/A
tt29372176,10391. Easter Bloody Easter,2024,1h 43m,N/A,N/A,N/A,N/A,N/A
tt2481480,10392. Robo a la mafia,2014,1h 44m,63,N/A,N/A,N/A,N/A
tt0275947,10393. El protector,2002,1h 37m,N/A,N/A,N/A,N/A,N/A
tt12655436,10394. Toca la bocina para Jesús. Salva tu alma,2022,1h 46m,63,N/A,N/A,N/A,N/A
tt27952254,10395. Il tempo che ci vuole,2024,1h 50m,N/A,N/A,N/A,N/A,N/A
tt6749318,10396. Más veloz que la muerte,2018,1h 42m,19,N/A,N/A,N/A,N/A
tt5701718,10397. Heartthrob,2017,1h 26m,N/A,N/A,N/A,N/A,N/A
tt1487118,10398. Chalet Girl,2011,1h 37m,42,N/A,N/A,N/A,N/A
tt1385824,10399. 13B: Fear Has a New Address,2009,2h 18m,N/A,N/A,N/A,N/A,N/A
tt26047818,104. Cualquiera menos tú,2023,1h 43m,52,N/A,N/A,N/A,N/A
tt29141112,1040. El baño del diablo,2024,2h 1m,73,N/A,N/A,N/A,N/A
tt32459973,10400. Sisid Marino,2024,1h 30m,N/A,N/A,N/A,N/A,N/A
tt1773753,10401. Mara,2018,1h 38m,32,N/A,N/A,N/A,N/A
tt2499472,10402. Point Blank: Cuenta atrás,2019,1h 26m,37,N/A,N/A,N/A,N/A
tt4144190,10403. Wiener-Dog,2016,1h 28m,66,N/A,N/A,N/A,N/A
tt3866526,10404. Natasha,2015,1h 33m,76,N/A,N/A,N/A,N/A
tt3451984,10405. Another Time,2018,1h 29m,N/A,N/A,N/A,N/A,N/A
tt0812352,10406. El Infierno bajo Tierra,2009,1h 26m,N/A,N/A,N/A,N/A,N/A
tt29898251,10407. Ryan's World the Movie: Titan Universe Adventure,2024,1h 20m,N/A,N/A,N/A,N/A,N/A
tt33319965,10408. Tom Petty: Fiesta de la playa de Heartbreakers,2024,1h 24m,N/A,N/A,N/A,N/A,N/A
tt21996220,10409. La rosa de Versalles,2025,1h 53m,N/A,N/A,N/A,N/A,N/A
tt2820852,1041. Fast & Furious 7,2015,2h 17m,67,N/A,N/A,N/A,N/A
tt3696498,10410. Inocencia robada,2016,1h 35m,N/A,N/A,N/A,N/A,N/A
tt27654205,10411. Park Avenue,2025,1h 45m,N/A,N/A,N/A,N/A,N/A
tt10243992,10412. Soy tu mujer,2020,2h,63,N/A,N/A,N/A,N/A
tt1601215,10413. No Reason,2010,1h 15m,N/A,N/A,N/A,N/A,N/A
tt1550312,10414. Café de Flore,2011,2h,53,N/A,N/A,N/A,N/A
tt0468565,10415. Tsotsi,2005,1h 35m,70,N/A,N/A,N/A,N/A
tt0756729,10416. El año del perro,2007,1h 37m,70,N/A,N/A,N/A,N/A
tt1291549,10417. Una stripper en tu vida,2010,1h 36m,51,N/A,N/A,N/A,N/A
tt30218475,10418. X Files,2024,1h 14m,N/A,N/A,N/A,N/A,N/A
tt1386691,10419. Lago Shimmer,2017,1h 26m,N/A,N/A,N/A,N/A,N/A
tt1879016,1042. El arma del engaño,2021,2h 8m,65,N/A,N/A,N/A,N/A
tt0463960,10420. The Devil You Know,2013,1h 16m,N/A,N/A,N/A,N/A,N/A
tt21236048,10421. Cinco citas a ciegas,2024,1h 23m,N/A,N/A,N/A,N/A,N/A
tt0857376,10422. Gabriel,2007,1h 54m,N/A,N/A,N/A,N/A,N/A
tt12283036,10423. Room 203,2022,1h 44m,N/A,N/A,N/A,N/A,N/A
tt1821593,10424. Bullhead,2011,2h 9m,68,N/A,N/A,N/A,N/A
tt2086806,10425. Bad Seeds,2013,1h 43m,N/A,N/A,N/A,N/A,N/A
tt27007466,10426. Lubber Pandhu,2024,2h 26m,N/A,N/A,N/A,N/A,N/A
tt3729920,10427. La desaparición de Eleanor Rigby,2014,2h 3m,57,N/A,N/A,N/A,N/A
tt2893780,10428. Condena,2014,1h 50m,N/A,N/A,N/A,N/A,N/A
tt9741310,10429. Slaxx,2020,1h 17m,64,N/A,N/A,N/A,N/A
tt9110170,1043. Wrong Turn: Sendero al infierno,2021,1h 49m,46,N/A,N/A,N/A,N/A
tt13349892,10430. Kompromat: El expediente ruso,2022,2h 7m,60,N/A,N/A,N/A,N/A
tt12671466,10431. The Lost Locket,2025,N/A,N/A,N/A,N/A,N/A,N/A
tt12945636,10432. Female Hostel 3,2019,1h 10m,N/A,N/A,N/A,N/A,N/A
tt0361841,10433. Las novias de mi novio,2004,1h 47m,36,N/A,N/A,N/A,N/A
tt27691532,10434. Friday the 13th: Blood Loss,2025,1h 30m,N/A,N/A,N/A,N/A,N/A
tt7782402,10435. The Storyteller,2022,1h 56m,N/A,N/A,N/A,N/A,N/A
tt0913968,10436. The warlords: Los señores de la guerra,2007,2h 6m,70,N/A,N/A,N/A,N/A
tt0937373,10437. Sappho,2008,1h 28m,N/A,N/A,N/A,N/A,N/A
tt21431644,10438. Zombie Town,2023,1h 32m,N/A,N/A,N/A,N/A,N/A
tt6748030,10439. Lake Michigan Monster,2018,1h 18m,N/A,N/A,N/A,N/A,N/A
tt1790885,1044. La noche más oscura (Zero Dark Thirty),2012,2h 37m,95,N/A,N/A,N/A,N/A
tt15257116,10440. Nunca llueve en California,2022,1h 50m,73,N/A,N/A,N/A,N/A
tt27991355,10441. Cellphone,2024,1h 28m,N/A,N/A,N/A,N/A,N/A
tt2196053,10442. Something Like Summer,2017,1h 55m,N/A,N/A,N/A,N/A,N/A
tt3697116,10443. Before the End: Searching for Jim Morrison,2025,N/A,N/A,N/A,N/A,N/A,N/A
tt2294677,10444. La voz de una generación,2013,1h 33m,79,N/A,N/A,N/A,N/A
tt33311744,10445. 100 litraa sahtia,2024,1h 28m,N/A,N/A,N/A,N/A,N/A
tt5751998,10446. Small Town Crime,2017,1h 31m,68,N/A,N/A,N/A,N/A
tt4210986,10447. The Pastor,2025,N/A,N/A,N/A,N/A,N/A,N/A
tt3398252,10448. Samurai Cop 2: Deadly Vengeance,2015,1h 34m,N/A,N/A,N/A,N/A,N/A
tt1247640,10449. Distrito 13: Ultimátum,2009,1h 41m,64,N/A,N/A,N/A,N/A
tt8110232,1045. Santos criminales,2021,2h,60,N/A,N/A,N/A,N/A
tt1134854,10450. La resistencia de los muertos,2009,1h 30m,43,N/A,N/A,N/A,N/A
tt8116428,10451. Along with the Gods: los últimos 49 días,2018,2h 22m,N/A,N/A,N/A,N/A,N/A
tt14342018,10452. La habitación de las maravillas,2023,1h 34m,N/A,N/A,N/A,N/A,N/A
tt29456500,10453. Straight Ruthless,2023,1h 5m,N/A,N/A,N/A,N/A,N/A
tt6904272,10454. Hyeob-sang,2018,1h 54m,N/A,N/A,N/A,N/A,N/A
tt2718440,10455. Moonwalkers,2015,1h 36m,39,N/A,N/A,N/A,N/A
tt3290440,10456. La camarera Lynn,2014,1h 30m,N/A,N/A,N/A,N/A,N/A
tt7581902,10457. Sonu Ke Titu Ki Sweety,2018,2h 18m,N/A,N/A,N/A,N/A,N/A
tt26895377,10458. El aroma del pasto recién cortado,2024,1h 54m,N/A,N/A,N/A,N/A,N/A
tt0392878,10459. News Movie,2008,1h 26m,N/A,N/A,N/A,N/A,N/A
tt30833959,1046. Cheech & Chong's Last Movie,2024,2h,70,N/A,N/A,N/A,N/A
tt20236622,10460. The Deb,2024,2h 1m,53,N/A,N/A,N/A,N/A
tt35396916,10461. National Theatre Live: The Importance of Being Earnest,2025,3h 2m,N/A,N/A,N/A,N/A,N/A
tt27907966,10462. Aisha Can't Fly Away,2025,N/A,N/A,N/A,N/A,N/A,N/A
tt5189894,10463. 68 Kill,2017,1h 33m,56,N/A,N/A,N/A,N/A
tt33035303,10464. Linda,2024,1h 40m,N/A,N/A,N/A,N/A,N/A
tt32919749,10465. The Night Before Christmas in Wonderland,2024,1h 20m,N/A,N/A,N/A,N/A,N/A
tt0847733,10466. Entre adultes,2006,1h 20m,N/A,N/A,N/A,N/A,N/A
tt10199640,10467. Una gran mujer (Beanpole),2019,2h 10m,85,N/A,N/A,N/A,N/A
tt3083008,10468. The Program (El ídolo),2015,1h 44m,53,N/A,N/A,N/A,N/A
tt1634121,10469. Intruders,2011,1h 40m,45,N/A,N/A,N/A,N/A
tt0405422,1047. Virgen a los 40,2005,1h 56m,73,N/A,N/A,N/A,N/A
tt35230858,10470. Las ilusyunadas,2025,1h 20m,N/A,N/A,N/A,N/A,N/A
tt5328602,10471. Viaje al Infierno,2018,1h 26m,N/A,N/A,N/A,N/A,N/A
tt6045466,10472. Madame,2017,1h 31m,45,N/A,N/A,N/A,N/A
tt1023464,10473. The Lost Girls,2022,1h 40m,29,N/A,N/A,N/A,N/A
tt0271582,10474. Joshua,2002,1h 31m,38,N/A,N/A,N/A,N/A
tt15143222,10475. My Fake Boyfriend,2022,1h 40m,N/A,N/A,N/A,N/A,N/A
tt0829176,10476. Cazador de demonios (Gallowwalkers),2012,1h 32m,N/A,N/A,N/A,N/A,N/A
tt5711148,10477. Las estrellas de cine no mueren en Liverpool,2017,1h 45m,65,N/A,N/A,N/A,N/A
tt35988817,10478. Nexus to Disclosure: The Truth Is Classified,2025,1h 41m,N/A,N/A,N/A,N/A,N/A
tt0424938,10479. Karla,2006,1h 42m,N/A,N/A,N/A,N/A,N/A
tt27665778,1048. Horizon: An American Saga - Capítulo 2,2024,3h 10m,49,N/A,N/A,N/A,N/A
tt6108090,10480. Secret Superstar,2017,2h 30m,N/A,N/A,N/A,N/A,N/A
tt14859416,10481. Burning Days,2022,2h 9m,N/A,N/A,N/A,N/A,N/A
tt8358220,10482. After Midnight,2019,1h 23m,55,N/A,N/A,N/A,N/A
tt5078204,10483. Mañana empieza todo,2016,1h 58m,N/A,N/A,N/A,N/A,N/A
tt0466766,10484. Fast Food Killer: Drive Thru,2007,1h 23m,N/A,N/A,N/A,N/A,N/A
tt12623434,10485. Man and Witch: Dance of a Thousand Steps,2024,1h 34m,N/A,N/A,N/A,N/A,N/A
tt0415160,10486. Minotauro,2006,1h 33m,N/A,N/A,N/A,N/A,N/A
tt7718100,10487. Atraco 88,2023,1h 23m,N/A,N/A,N/A,N/A,N/A
tt0134630,10488. A dúo (Duets),2000,1h 52m,40,N/A,N/A,N/A,N/A
tt21913192,10489. 12 to Midnight,2024,1h 36m,N/A,N/A,N/A,N/A,N/A
tt1560747,1049. The Master,2012,2h 18m,86,N/A,N/A,N/A,N/A
tt2784678,10490. Top cinco,2014,1h 42m,81,N/A,N/A,N/A,N/A
tt7308086,10491. Desearás al hombre de tu hermana,2017,1h 33m,N/A,N/A,N/A,N/A,N/A
tt1603789,10492. An fei ta ming,2010,1h 37m,N/A,N/A,N/A,N/A,N/A
tt0338512,10493. Dos hermanos,2004,1h 49m,63,N/A,N/A,N/A,N/A
tt7531138,10494. Only You,2018,1h 59m,78,N/A,N/A,N/A,N/A
tt0485323,10495. Fullmetal Alchemist: La película - El conquistador de Shamballa,2005,1h 45m,N/A,N/A,N/A,N/A,N/A
tt2184287,10496. Verano en febrero,2013,1h 40m,22,N/A,N/A,N/A,N/A
tt0377713,10497. Cube Zero,2004,1h 37m,N/A,N/A,N/A,N/A,N/A
tt7090638,10498. The Swerve,2018,1h 35m,90,N/A,N/A,N/A,N/A
tt22184520,10499. Deer Camp '86,2022,1h 25m,N/A,N/A,N/A,N/A,N/A
tt23149780,105. Eden,2024,2h,60,N/A,N/A,N/A,N/A
tt7991608,1050. Alerta roja,2021,1h 58m,37,N/A,N/A,N/A,N/A
tt1320239,10500. Burke & Hare,2010,1h 31m,46,N/A,N/A,N/A,N/A
tt9746718,10501. Things Like This,2025,N/A,N/A,N/A,N/A,N/A,N/A
tt1886493,10502. Situación límite,2011,1h 34m,N/A,N/A,N/A,N/A,N/A
tt8960138,10503. Shortcut,2020,1h 20m,26,N/A,N/A,N/A,N/A
tt12064810,10504. Asalto al hospital,2021,1h 30m,N/A,N/A,N/A,N/A,N/A
tt2474932,10505. Cuando cae la nieve,2016,1h 33m,33,N/A,N/A,N/A,N/A
tt32124522,10506. Love Switch,2024,1h 29m,N/A,N/A,N/A,N/A,N/A
tt0415778,10507. End Game,2006,1h 33m,N/A,N/A,N/A,N/A,N/A
tt0366450,10508. 5 chicos & esto,2004,1h 29m,N/A,N/A,N/A,N/A,N/A
tt23804378,10509. Three of Us,2022,1h 39m,N/A,N/A,N/A,N/A,N/A
tt0762107,1051. Os declaro marido y marido,2007,1h 55m,37,N/A,N/A,N/A,N/A
tt11284280,10510. El cadáver,2020,1h 26m,N/A,N/A,N/A,N/A,N/A
tt8173728,10511. La Casa Lobo,2018,1h 15m,86,N/A,N/A,N/A,N/A
tt5893264,10512. Basada en hechos reales,2017,1h 40m,43,N/A,N/A,N/A,N/A
tt11422728,10513. Summer of Soul,2021,1h 58m,96,N/A,N/A,N/A,N/A
tt35396958,10514. National Theatre Live: Dr. Strangelove,2025,2h 30m,N/A,N/A,N/A,N/A,N/A
tt7288408,10515. El apagón,2019,1h 43m,34,N/A,N/A,N/A,N/A
tt10763618,10516. Yuyeolui eumagaelbeom,2019,2h 2m,N/A,N/A,N/A,N/A,N/A
tt0354356,10517. 5x2 (Cinco veces dos),2004,1h 30m,62,N/A,N/A,N/A,N/A
tt0471041,10518. El gran torneo,2009,1h 35m,N/A,N/A,N/A,N/A,N/A
tt9713418,10519. The Last Front,2024,1h 38m,56,N/A,N/A,N/A,N/A
tt0464154,1052. Piraña 3D,2010,1h 28m,53,N/A,N/A,N/A,N/A
tt2401097,10520. Tracers,2015,1h 34m,45,N/A,N/A,N/A,N/A
tt0236157,10521. Disco Pigs,2001,1h 33m,N/A,N/A,N/A,N/A,N/A
tt29922811,10522. A Christmas Castle Proposal: A Royal in Paradise 2,2024,N/A,N/A,N/A,N/A,N/A,N/A
tt19045582,10523. X-Deal 2,2022,1h 50m,N/A,N/A,N/A,N/A,N/A
tt15380608,10524. Bagheera,2024,2h 38m,N/A,N/A,N/A,N/A,N/A
tt31565654,10525. Luna sin miel,2024,1h 40m,N/A,N/A,N/A,N/A,N/A
tt1457765,10526. Exorcismo en Georgia,2013,1h 41m,26,N/A,N/A,N/A,N/A
tt5657028,"10527. Alibi.com, agencia de engaños",2016,1h 29m,N/A,N/A,N/A,N/A,N/A
tt18556326,10528. Awareness,2023,1h 52m,N/A,N/A,N/A,N/A,N/A
tt13932844,10529. Apocalypse Clown,2023,1h 42m,54,N/A,N/A,N/A,N/A
tt0196229,1053. Zoolander (Un descerebrado de moda),2001,1h 30m,61,N/A,N/A,N/A,N/A
tt0434215,10530. Flicka,2006,1h 35m,57,N/A,N/A,N/A,N/A
tt11663228,10531. Jailer,2023,2h 48m,N/A,N/A,N/A,N/A,N/A
tt2263944,10532. Dragon Ball Z: La batalla de los dioses,2013,1h 25m,N/A,N/A,N/A,N/A,N/A
tt11426228,10533. Spirit Halloween: The Movie,2022,1h 21m,48,N/A,N/A,N/A,N/A
tt0473356,10534. El caso Wells,2007,1h 45m,N/A,N/A,N/A,N/A,N/A
tt9810278,"10535. The King, The Swordsman, and the Sorceress",2025,1h 30m,N/A,N/A,N/A,N/A,N/A
tt2150332,10536. Renoir,2012,1h 51m,64,N/A,N/A,N/A,N/A
tt0444628,10537. Fay Grim,2006,1h 58m,52,N/A,N/A,N/A,N/A
tt5264838,10538. Cráter,2023,1h 45m,65,N/A,N/A,N/A,N/A
tt1841542,10539. Chillar Party,2011,2h 15m,N/A,N/A,N/A,N/A,N/A
tt11762114,1054. Chicas malas,2024,1h 52m,58,N/A,N/A,N/A,N/A
tt14904622,"10540. De repente, solos",2023,1h 53m,N/A,N/A,N/A,N/A,N/A
tt4158594,10541. Boar,2017,1h 36m,N/A,N/A,N/A,N/A,N/A
tt27155283,10542. No entres,2024,1h 25m,N/A,N/A,N/A,N/A,N/A
tt3661298,10543. Septembers of Shiraz,2015,1h 50m,16,N/A,N/A,N/A,N/A
tt5037840,10544. Dos padres en apuros,2019,1h 37m,N/A,N/A,N/A,N/A,N/A
tt10384744,10545. La odisea de los giles,2019,1h 56m,N/A,N/A,N/A,N/A,N/A
tt32139458,10546. A Desert,2024,1h 43m,N/A,N/A,N/A,N/A,N/A
tt2371824,10547. Paraíso: Fe,2012,1h 55m,61,N/A,N/A,N/A,N/A
tt7260052,10548. Sugar Daddy,2020,1h 39m,78,N/A,N/A,N/A,N/A
tt15471560,10549. Fumar provoca tos,2022,1h 17m,74,N/A,N/A,N/A,N/A
tt2361509,1055. El becario,2015,2h 1m,51,N/A,N/A,N/A,N/A
tt33030320,10550. Vida en pausa,2024,1h 39m,N/A,N/A,N/A,N/A,N/A
tt1758595,10551. Diana,2013,1h 53m,35,N/A,N/A,N/A,N/A
tt2395385,10552. +1,2013,1h 36m,60,N/A,N/A,N/A,N/A
tt4641602,10553. 365 Days,2015,1h 50m,N/A,N/A,N/A,N/A,N/A
tt1533749,10554. Xin Shaolin si,2011,2h 11m,53,N/A,N/A,N/A,N/A
tt15004066,10555. Atoman,2025,1h 30m,N/A,N/A,N/A,N/A,N/A
tt34371249,10556. Cortina Express,2024,1h 42m,N/A,N/A,N/A,N/A,N/A
tt20216624,10557. Reverse the Curse,2023,1h 45m,51,N/A,N/A,N/A,N/A
tt0458413,10558. Mejor otro día,2014,1h 36m,34,N/A,N/A,N/A,N/A
tt5848416,10559. Andar. Montar. Rodeo.,2019,1h 40m,N/A,N/A,N/A,N/A,N/A
tt0976051,1056. The Reader (El lector),2008,2h 4m,58,N/A,N/A,N/A,N/A
tt27813775,10560. Eterno visionario,2024,1h 52m,N/A,N/A,N/A,N/A,N/A
tt3726704,10561. Experimenter: la historia de Stanley Milgram,2015,1h 38m,81,N/A,N/A,N/A,N/A
tt14923260,10562. Chupa,2023,1h 35m,48,N/A,N/A,N/A,N/A
tt4844148,10563. Mia y el león blanco,2018,1h 38m,52,N/A,N/A,N/A,N/A
tt14164234,10564. Contigo a muerte,2021,2h 22m,64,N/A,N/A,N/A,N/A
tt1841611,10565. Gandu,2010,1h 25m,N/A,N/A,N/A,N/A,N/A
tt15289510,10566. Slow,2023,1h 48m,72,N/A,N/A,N/A,N/A
tt5028388,10567. American Guinea Pig: Bloodshock,2015,1h 38m,N/A,N/A,N/A,N/A,N/A
tt1082853,10568. Management (La novia de mis sueños),2008,1h 34m,50,N/A,N/A,N/A,N/A
tt36164068,10569. Show Me Your Glory,2025,1h 52m,N/A,N/A,N/A,N/A,N/A
tt13778486,1057. Succubus,2024,1h 43m,N/A,N/A,N/A,N/A,N/A
tt0436078,10570. The Aristocrats,2005,1h 29m,72,N/A,N/A,N/A,N/A
tt4778988,10571. A la sombra de Kennedy,2016,1h 38m,54,N/A,N/A,N/A,N/A
tt31888816,10572. Jie Mi,2024,2h 36m,N/A,N/A,N/A,N/A,N/A
tt4919484,10573. Verano en Brooklyn,2016,1h 25m,86,N/A,N/A,N/A,N/A
tt5192674,10574. Beach House,2018,1h 27m,43,N/A,N/A,N/A,N/A
tt26593560,10575. 13 Sentimentos,2024,1h 40m,N/A,N/A,N/A,N/A,N/A
tt2368672,10576. Minúsculos: El valle de las hormigas perdidas,2013,1h 29m,N/A,N/A,N/A,N/A,N/A
tt33014921,10577. Xiang Yang · Hua,2025,2h 4m,N/A,N/A,N/A,N/A,N/A
tt3171832,10578. iBoy,2017,1h 30m,50,N/A,N/A,N/A,N/A
tt1573072,10579. Housefull,2010,2h 24m,N/A,N/A,N/A,N/A,N/A
tt0814255,1058. Percy Jackson y el ladrón del rayo,2010,1h 58m,47,N/A,N/A,N/A,N/A
tt7315746,10580. Jeolmeun eomma,2013,1h 25m,N/A,N/A,N/A,N/A,N/A
tt2582498,10581. Sweet Virginia,2017,1h 33m,72,N/A,N/A,N/A,N/A
tt14500584,10582. Más allá de los dos minutos infinitos,2020,1h 10m,N/A,N/A,N/A,N/A,N/A
tt2427892,10583. Tom en la granja,2013,1h 42m,67,N/A,N/A,N/A,N/A
tt7046826,10584. The Mimic,2017,1h 40m,N/A,N/A,N/A,N/A,N/A
tt6793280,10585. The Devil's Doorway,2018,1h 16m,48,N/A,N/A,N/A,N/A
tt14145426,10586. Beavis and Butt-Head Do the Universe,2022,1h 27m,70,N/A,N/A,N/A,N/A
tt18284880,10587. I Am Rage,2023,1h 29m,N/A,N/A,N/A,N/A,N/A
tt0478988,10588. La llamada de Cthulhu,2005,47m,N/A,N/A,N/A,N/A,N/A
tt2334896,10589. The Dirties,2013,1h 23m,65,N/A,N/A,N/A,N/A
tt7097896,1059. Venom: Habrá matanza,2021,1h 37m,49,N/A,N/A,N/A,N/A
tt4610378,10590. El banquero de la resistencia,2018,2h 3m,N/A,N/A,N/A,N/A,N/A
tt4028240,10591. The Harvest,2023,1h 50m,N/A,N/A,N/A,N/A,N/A
tt11177606,10592. Adan,2019,1h 42m,N/A,N/A,N/A,N/A,N/A
tt14217100,10593. Ferry,2021,1h 46m,N/A,N/A,N/A,N/A,N/A
tt6878882,10594. Hong hai xing dong,2018,2h 22m,N/A,N/A,N/A,N/A,N/A
tt7394674,10595. Blood quantum,2019,1h 38m,63,N/A,N/A,N/A,N/A
tt2339741,10596. La mujer de negro: El ángel de la muerte,2014,1h 38m,42,N/A,N/A,N/A,N/A
tt6113122,10597. Hurricane Bianca: From Russia with Hate,2018,1h 25m,N/A,N/A,N/A,N/A,N/A
tt32831759,10598. Laila,2025,2h 15m,N/A,N/A,N/A,N/A,N/A
tt26594061,10599. Joan Baez: I Am a Noise,2023,1h 53m,75,N/A,N/A,N/A,N/A
tt10655524,106. Romper el círculo,2024,2h 10m,53,N/A,N/A,N/A,N/A
tt4900148,1060. Elio,2025,PG,N/A,N/A,N/A,N/A,N/A
tt29419864,10600. Victory,2024,2h,N/A,N/A,N/A,N/A,N/A
tt5984744,10601. Broken Law,2020,1h 25m,N/A,N/A,N/A,N/A,N/A
tt0903606,10602. Abriendo juego (Choque y fuga),2009,1h 35m,N/A,N/A,N/A,N/A,N/A
tt27712015,10603. 3 días máximo,2023,1h 30m,N/A,N/A,N/A,N/A,N/A
tt5764096,10604. Hindi Medium,2017,2h 12m,N/A,N/A,N/A,N/A,N/A
tt4016312,10605. The Book of Vision,2020,1h 39m,N/A,N/A,N/A,N/A,N/A
tt4086018,10606. El príncipe encantador,2018,1h 25m,N/A,N/A,N/A,N/A,N/A
tt5598868,10607. Here Are the Young Men,2020,1h 36m,49,N/A,N/A,N/A,N/A
tt11618536,10608. Freshman Year (Shithouse),2020,1h 40m,72,N/A,N/A,N/A,N/A
tt10793644,10609. The Vigil,2019,1h 29m,69,N/A,N/A,N/A,N/A
tt0118694,1061. Deseando amar,2000,1h 38m,87,N/A,N/A,N/A,N/A
tt2378453,10610. Savaged,2013,1h 35m,N/A,N/A,N/A,N/A,N/A
tt10080130,10611. The Lockdown,2024,1h 57m,N/A,N/A,N/A,N/A,N/A
tt23793436,10612. Off the Record,2024,1h 35m,N/A,N/A,N/A,N/A,N/A
tt11846550,10613. Kayara,2025,1h 30m,N/A,N/A,N/A,N/A,N/A
tt11052678,10614. Las gemelas que no hablaban,2022,1h 53m,59,N/A,N/A,N/A,N/A
tt0362129,10615. Seeing Other People,2004,1h 30m,51,N/A,N/A,N/A,N/A
tt1221188,10616. Eloïse,2009,1h 32m,N/A,N/A,N/A,N/A,N/A
tt4382824,10617. Objetivo: Bin Laden,2016,1h 32m,43,N/A,N/A,N/A,N/A
tt0453383,10618. Next Door,2005,1h 15m,N/A,N/A,N/A,N/A,N/A
tt18346624,10619. Murdercise,2023,1h 24m,N/A,N/A,N/A,N/A,N/A
tt10954652,1062. Tiempo,2021,1h 48m,55,N/A,N/A,N/A,N/A
tt1293842,10620. The Winning Season,2009,1h 59m,53,N/A,N/A,N/A,N/A
tt10980562,10621. Shootout at Byculla,2025,N/A,N/A,N/A,N/A,N/A,N/A
tt5699928,10622. Prey,2019,1h 25m,N/A,N/A,N/A,N/A,N/A
tt4659056,10623. Der kommer en dag,2016,1h 59m,N/A,N/A,N/A,N/A,N/A
tt11188624,10624. Invocación mortal,2021,1h 32m,45,N/A,N/A,N/A,N/A
tt0399095,10625. El precio de la inocencia,2007,2h,42,N/A,N/A,N/A,N/A
tt0420206,10626. Tormenta de verano,2004,1h 38m,51,N/A,N/A,N/A,N/A
tt4610748,10627. Puertas al infierno,2017,1h 34m,37,N/A,N/A,N/A,N/A
tt27047596,10628. The Abigail Mysteries,2023,1h 52m,N/A,N/A,N/A,N/A,N/A
tt2402085,10629. Jimi: All Is by My Side,2013,1h 58m,66,N/A,N/A,N/A,N/A
tt3099498,1063. Tusk,2014,1h 42m,55,N/A,N/A,N/A,N/A
tt11131464,10630. La aspirante,2021,1h 37m,85,N/A,N/A,N/A,N/A
tt23218142,"10631. Tokyo Revengers 2, Part 2: Bloody Halloween - Decisive Battle",2023,1h 30m,N/A,N/A,N/A,N/A,N/A
tt7059844,10632. Dabangg 3,2019,2h 40m,N/A,N/A,N/A,N/A,N/A
tt4279116,10633. Alien Invasion: S.U.M.1,2017,1h 32m,N/A,N/A,N/A,N/A,N/A
tt12800524,10634. El encuentro,2021,1h 48m,57,N/A,N/A,N/A,N/A
tt1734433,10635. Eden,2012,1h 38m,63,N/A,N/A,N/A,N/A
tt3703836,10636. Henry Gamble's Birthday Party,2015,1h 27m,59,N/A,N/A,N/A,N/A
tt12335692,10637. El último superviviente,2021,1h 27m,N/A,N/A,N/A,N/A,N/A
tt10040978,10638. 12 O'Clock,2021,2h 35m,N/A,N/A,N/A,N/A,N/A
tt13702796,10639. Pacifiction,2022,2h 45m,75,N/A,N/A,N/A,N/A
tt1528100,1064. Exodus: Dioses y reyes,2014,2h 30m,52,N/A,N/A,N/A,N/A
tt8747160,10640. El misterio de Block Island,2020,1h 39m,N/A,N/A,N/A,N/A,N/A
tt8368394,10641. The Sunlit Night,2019,1h 46m,47,N/A,N/A,N/A,N/A
tt0181151,10642. ¿De qué planeta vienes?,2000,1h 45m,41,N/A,N/A,N/A,N/A
tt5317914,10643. El rompehielos,2016,2h 4m,N/A,N/A,N/A,N/A,N/A
tt33610694,10644. Le routard,2025,1h 25m,N/A,N/A,N/A,N/A,N/A
tt3302706,10645. El coro,2014,1h 43m,51,N/A,N/A,N/A,N/A
tt9535950,10646. Eonni,2019,1h 34m,N/A,N/A,N/A,N/A,N/A
tt9183978,10647. Arctic Void,2022,1h 25m,N/A,N/A,N/A,N/A,N/A
tt0171356,10648. Blanco perfecto (Gun Shy),2000,1h 41m,42,N/A,N/A,N/A,N/A
tt1124052,10649. Ciudad de vida y muerte,2009,2h 12m,85,N/A,N/A,N/A,N/A
tt26545708,1065. Aftermath,2024,1h 37m,N/A,N/A,N/A,N/A,N/A
tt6834916,10650. El legado de las mentiras,2020,1h 41m,N/A,N/A,N/A,N/A,N/A
tt11390442,10651. Traicionados,2020,2h 6m,N/A,N/A,N/A,N/A,N/A
tt1980986,10652. Housefull 2,2012,2h 25m,N/A,N/A,N/A,N/A,N/A
tt10083174,10653. The Stairs,2021,1h 32m,N/A,N/A,N/A,N/A,N/A
tt2235108,10654. Querida gente blanca,2014,1h 48m,79,N/A,N/A,N/A,N/A
tt1396227,10655. The Wild and Wonderful Whites of West Virginia,2009,1h 26m,N/A,N/A,N/A,N/A,N/A
tt18939056,10656. The Nightman,2023,1h 41m,N/A,N/A,N/A,N/A,N/A
tt6270640,10657. The Dare,2019,1h 37m,N/A,N/A,N/A,N/A,N/A
tt5085924,10658. Wildling,2018,1h 32m,58,N/A,N/A,N/A,N/A
tt0804507,10659. La madre del mal,2007,1h 42m,52,N/A,N/A,N/A,N/A
tt5839426,1066. Plank Face,2016,1h 31m,N/A,N/A,N/A,N/A,N/A
tt33075131,"10660. Hammer: Heroes, Legends and Monsters",2024,1h 30m,N/A,N/A,N/A,N/A,N/A
tt16915972,10661. Pengabdi Setan 2: Communion,2022,1h 59m,N/A,N/A,N/A,N/A,N/A
tt0347473,10662. Main Hoon Na,2004,3h 2m,N/A,N/A,N/A,N/A,N/A
tt27996020,10663. Jolly LLB 3,2025,N/A,N/A,N/A,N/A,N/A,N/A
tt35065315,10664. Hoshiar Singh,2025,2h 13m,N/A,N/A,N/A,N/A,N/A
tt20251588,10665. Las sombras del poder,2023,2h 1m,N/A,N/A,N/A,N/A,N/A
tt0380609,10666. P.S.,2004,1h 37m,55,N/A,N/A,N/A,N/A
tt8001346,10667. Astérix: El secreto de la poción mágica,2018,1h 27m,N/A,N/A,N/A,N/A,N/A
tt3547530,10668. Poern,2015,N/A,N/A,N/A,N/A,N/A,N/A
tt10065976,10669. Ningen shikkaku: Dazai Osamu to 3-nin no onnatachi,2019,2h,N/A,N/A,N/A,N/A,N/A
tt0371724,1067. Guía del autoestopista galáctico,2005,1h 49m,63,N/A,N/A,N/A,N/A
tt13172796,10670. Plan B,2021,1h 47m,74,N/A,N/A,N/A,N/A
tt5344794,10671. Rescate en Afganistán,2016,1h 26m,N/A,N/A,N/A,N/A,N/A
tt0446719,10672. Experimento mortal. Isolation,2005,1h 35m,N/A,N/A,N/A,N/A,N/A
tt15150190,10673. Witch,2024,1h 47m,N/A,N/A,N/A,N/A,N/A
tt31495279,10674. Pitaambar,2025,2h 13m,N/A,N/A,N/A,N/A,N/A
tt7193362,10675. Where's My Roy Cohn?,2019,1h 37m,70,N/A,N/A,N/A,N/A
tt1810683,10676. Little Boy,2015,1h 46m,30,N/A,N/A,N/A,N/A
tt28999532,10677. Beezel,2024,1h 21m,N/A,N/A,N/A,N/A,N/A
tt13318942,10678. Dark Windows,2023,1h 20m,N/A,N/A,N/A,N/A,N/A
tt10530838,10679. Cómo satisfacer a una mujer,2022,1h 51m,54,N/A,N/A,N/A,N/A
tt6671244,1068. Wij,2018,1h 40m,N/A,N/A,N/A,N/A,N/A
tt3175038,10680. Ek Villain,2014,2h 9m,N/A,N/A,N/A,N/A,N/A
tt30319830,10681. Skywalkers: Una historia de amor,2024,1h 40m,64,N/A,N/A,N/A,N/A
tt7238392,10682. Taxi 5,2018,1h 42m,N/A,N/A,N/A,N/A,N/A
tt13652006,10683. Horsegirls,2025,1h 41m,N/A,N/A,N/A,N/A,N/A
tt0400234,10684. Black Friday,2004,2h 23m,76,N/A,N/A,N/A,N/A
tt0424237,10685. Lila dice,2004,1h 29m,57,N/A,N/A,N/A,N/A
tt35631332,10686. Given Movie 3: Umi e,2024,1h 20m,N/A,N/A,N/A,N/A,N/A
tt6214468,10687. The Russian Bride,2018,1h 41m,N/A,N/A,N/A,N/A,N/A
tt1499666,10688. Castaway on the Moon,2009,1h 56m,N/A,N/A,N/A,N/A,N/A
tt26736385,10689. Dante's Hotel,2023,1h 39m,N/A,N/A,N/A,N/A,N/A
tt1440728,1069. El americano,2010,1h 45m,61,N/A,N/A,N/A,N/A
tt0377749,10690. Gritos de muerte,2004,1h 31m,N/A,N/A,N/A,N/A,N/A
tt2597804,10691. No me dejes marchar,2022,1h 49m,54,N/A,N/A,N/A,N/A
tt5660834,10692. El último disparo,2023,1h 41m,N/A,N/A,N/A,N/A,N/A
tt28133272,10693. Seeds,2024,1h 22m,N/A,N/A,N/A,N/A,N/A
tt1151410,10694. Tanner Hall,2009,1h 36m,40,N/A,N/A,N/A,N/A
tt0488085,10695. La gran nada,2006,1h 26m,N/A,N/A,N/A,N/A,N/A
tt3703908,10696. Acorralados,2016,1h 20m,36,N/A,N/A,N/A,N/A
tt0199290,10697. La 3ª condena,2000,1h 22m,11,N/A,N/A,N/A,N/A
tt6143850,10698. Distorsión,2018,1h 26m,N/A,N/A,N/A,N/A,N/A
tt4399594,10699. Fitoor,2016,2h 11m,N/A,N/A,N/A,N/A,N/A
tt4216984,107. Hombre lobo,2025,1h 43m,50,N/A,N/A,N/A,N/A
tt0298130,1070. The Ring (La señal),2002,1h 55m,57,N/A,N/A,N/A,N/A
tt8311958,10700. Divino amor,2019,1h 41m,86,N/A,N/A,N/A,N/A
tt6048922,1071. Greyhound: Enemigos bajo el mar,2020,1h 31m,64,N/A,N/A,N/A,N/A
tt0203009,1072. Moulin Rouge,2001,2h 7m,66,N/A,N/A,N/A,N/A
tt2527336,1073. Star Wars: Los últimos jedi,2017,2h 32m,84,N/A,N/A,N/A,N/A
tt1243957,1074. The Tourist,2010,1h 43m,37,N/A,N/A,N/A,N/A
tt8178634,1075. RRR,2022,3h 7m,83,N/A,N/A,N/A,N/A
tt0780536,1076. Escondidos en Brujas,2008,1h 47m,67,N/A,N/A,N/A,N/A
tt0268380,1077. Ice Age: La edad de hielo,2002,1h 21m,61,N/A,N/A,N/A,N/A
tt23732034,1078. The Uninvited,2024,1h 37m,69,N/A,N/A,N/A,N/A
tt0478304,1079. El árbol de la vida,2011,2h 19m,85,N/A,N/A,N/A,N/A
tt29344903,108. La hermanastra fea,2025,1h 49m,70,N/A,N/A,N/A,N/A
tt3731562,1080. Kong: La Isla Calavera,2017,1h 58m,62,N/A,N/A,N/A,N/A
tt32194932,1081. The Ritual,2025,1h 38m,N/A,N/A,N/A,N/A,N/A
tt0227445,1082. The Score (Un golpe maestro),2001,2h 4m,71,N/A,N/A,N/A,N/A
tt5109784,1083. Madre!,2017,2h 1m,76,N/A,N/A,N/A,N/A
tt32369229,1084. Blood Brothers: Bara Naga,2025,2h 9m,N/A,N/A,N/A,N/A,N/A
tt16300962,1085. Cuando acecha la maldad,2023,1h 39m,75,N/A,N/A,N/A,N/A
tt4530422,1086. Overlord,2018,1h 50m,60,N/A,N/A,N/A,N/A
tt1219289,1087. Sin límites,2011,1h 45m,59,N/A,N/A,N/A,N/A
tt22687790,1088. Misterio en Venecia,2023,1h 43m,63,N/A,N/A,N/A,N/A
tt0443272,1089. Lincoln,2012,2h 30m,87,N/A,N/A,N/A,N/A
tt22042346,109. 2073,2024,1h 25m,52,N/A,N/A,N/A,N/A
tt5323662,1090. A Silent Voice,2016,2h 10m,78,N/A,N/A,N/A,N/A
tt2379713,1091. Spectre,2015,2h 28m,60,N/A,N/A,N/A,N/A
tt0320691,1092. Underworld,2003,2h 1m,42,N/A,N/A,N/A,N/A
tt1907668,1093. El vuelo (Flight),2012,2h 18m,76,N/A,N/A,N/A,N/A
tt1156398,1094. Bienvenidos a Zombieland,2009,1h 28m,73,N/A,N/A,N/A,N/A
tt1245492,1095. Juerga hasta el fin,2013,1h 47m,67,N/A,N/A,N/A,N/A
tt0190590,1096. O Brother!,2000,1h 47m,69,N/A,N/A,N/A,N/A
tt14509110,1097. Nadie te salvará,2023,1h 33m,60,N/A,N/A,N/A,N/A
tt10370710,1098. La peor persona del mundo,2021,2h 8m,91,N/A,N/A,N/A,N/A
tt0376541,1099. Closer,2004,1h 44m,65,N/A,N/A,N/A,N/A
tt20969586,11. Thunderbolts*,2025,2h 6m,N/A,N/A,N/A,N/A,N/A
tt3402138,110. Agárralo como puedas,2025,1h 25m,N/A,N/A,N/A,N/A,N/A
tt28821371,1100. MadS,2024,1h 29m,78,N/A,N/A,N/A,N/A
tt0330793,1101. The Punisher (El castigador),2004,2h 4m,33,N/A,N/A,N/A,N/A
tt5181260,1102. The Unbreakable Boy,2025,1h 49m,35,N/A,N/A,N/A,N/A
tt0289879,1103. El efecto mariposa,2004,1h 53m,30,N/A,N/A,N/A,N/A
tt6412452,1104. La balada de Buster Scruggs,2018,2h 13m,79,N/A,N/A,N/A,N/A
tt0164052,1105. El hombre sin sombra,2000,1h 52m,24,N/A,N/A,N/A,N/A
tt0364725,1106. Cuestión de pelotas,2004,1h 32m,55,N/A,N/A,N/A,N/A
tt0212985,1107. Hannibal,2001,2h 11m,57,N/A,N/A,N/A,N/A
tt0247745,1108. Supermaderos,2001,1h 40m,48,N/A,N/A,N/A,N/A
tt0327785,1109. El juego del asesino,2024,1h 44m,36,N/A,N/A,N/A,N/A
tt13560574,111. X,2022,1h 45m,80,N/A,N/A,N/A,N/A
tt1179933,1110. Calle Cloverfield 10,2016,1h 43m,76,N/A,N/A,N/A,N/A
tt0918940,1111. La leyenda de Tarzán,2016,1h 50m,44,N/A,N/A,N/A,N/A
tt0319061,1112. Big Fish,2003,2h 5m,58,N/A,N/A,N/A,N/A
tt1371111,1113. El atlas de las nubes,2012,2h 52m,55,N/A,N/A,N/A,N/A
tt1591095,1114. Insidious,2010,1h 43m,52,N/A,N/A,N/A,N/A
tt32299316,1115. Dangerous Animals,2025,1h 33m,N/A,N/A,N/A,N/A,N/A
tt5535276,1116. Maestro,2023,2h 9m,77,N/A,N/A,N/A,N/A
tt2463208,1117. El proyecto Adam,2022,1h 46m,55,N/A,N/A,N/A,N/A
tt9603060,1118. Star Trek: Sección 31,2025,1h 35m,37,N/A,N/A,N/A,N/A
tt0485947,1119. Las vidas posibles de Mr. Nobody,2009,2h 21m,63,N/A,N/A,N/A,N/A
tt9495224,112. Black Mirror: Bandersnatch,2018,1h 30m,N/A,N/A,N/A,N/A,N/A
tt10245072,1120. El misterio de Salem's Lot,2024,1h 54m,47,N/A,N/A,N/A,N/A
tt4532826,"1121. Robin Hood: Forajido, héroe, leyenda",2018,1h 56m,32,N/A,N/A,N/A,N/A
tt0376994,1122. X-Men: La decisión final,2006,1h 44m,58,N/A,N/A,N/A,N/A
tt1872181,1123. The Amazing Spider-Man 2: El poder de Electro,2014,2h 22m,53,N/A,N/A,N/A,N/A
tt12758060,1124. Tetris,2023,1h 58m,61,N/A,N/A,N/A,N/A
tt10954600,1125. Ant-Man y la Avispa: Quantumanía,2023,2h 4m,48,N/A,N/A,N/A,N/A
tt8359848,1126. Climax,2018,1h 37m,69,N/A,N/A,N/A,N/A
tt0204946,1127. A por todas,2000,1h 38m,52,N/A,N/A,N/A,N/A
tt4477536,1128. Cincuenta sombras liberadas,2018,1h 45m,31,N/A,N/A,N/A,N/A
tt0221027,1129. Blow,2001,2h 4m,52,N/A,N/A,N/A,N/A
tt1259528,113. Juego de ladrones: El atraco perfecto,2018,2h 20m,49,N/A,N/A,N/A,N/A
tt1636826,1130. Project X,2012,1h 28m,46,N/A,N/A,N/A,N/A
tt0340855,1131. Monster,2003,1h 49m,74,N/A,N/A,N/A,N/A
tt8847712,1132. La Crónica Francesa,2021,1h 47m,75,N/A,N/A,N/A,N/A
tt24169886,1133. Los instigadores,2024,1h 41m,48,N/A,N/A,N/A,N/A
tt22004344,1134. El ambigú,2024,1h 52m,64,N/A,N/A,N/A,N/A
tt0230011,1135. Atlantis: El imperio perdido,2001,1h 35m,52,N/A,N/A,N/A,N/A
tt5638642,1136. El ritual,2017,1h 34m,57,N/A,N/A,N/A,N/A
tt27477888,1137. A prueba,2025,2h 25m,N/A,N/A,N/A,N/A,N/A
tt0327597,1138. Los mundos de Coraline,2009,1h 40m,80,N/A,N/A,N/A,N/A
tt1648190,1139. La Torre Oscura,2017,1h 35m,34,N/A,N/A,N/A,N/A
tt23853982,114. Parthenope,2024,2h 17m,52,N/A,N/A,N/A,N/A
tt7286836,1140. Aquaslash,2019,1h 11m,N/A,N/A,N/A,N/A,N/A
tt0480249,1141. Soy leyenda,2007,1h 41m,65,N/A,N/A,N/A,N/A
tt3235888,1142. It Follows,2014,1h 40m,83,N/A,N/A,N/A,N/A
tt0285175,1143. Caos,2005,1h 25m,N/A,N/A,N/A,N/A,N/A
tt0980970,1144. Las crónicas de Narnia: La travesía del viajero del alba,2010,1h 53m,53,N/A,N/A,N/A,N/A
tt0454921,1145. En busca de la felicidad,2006,1h 57m,64,N/A,N/A,N/A,N/A
tt10272386,1146. El padre,2020,1h 37m,88,N/A,N/A,N/A,N/A
tt0457400,1147. El mundo de los perdidos,2009,1h 42m,32,N/A,N/A,N/A,N/A
tt4686844,1148. La muerte de Stalin,2017,1h 47m,88,N/A,N/A,N/A,N/A
tt0328107,1149. El fuego de la venganza,2004,2h 26m,47,N/A,N/A,N/A,N/A
tt0172495,115. Gladiator (El gladiador),2000,2h 35m,67,N/A,N/A,N/A,N/A
tt0898367,1150. La carretera (The Road),2009,1h 51m,64,N/A,N/A,N/A,N/A
tt4513678,1151. Cazafantasmas: Más allá,2021,2h 4m,45,N/A,N/A,N/A,N/A
tt0200192,1152. Transgressing,2000,1h 31m,N/A,N/A,N/A,N/A,N/A
tt32178949,1153. La semilla de la higuera sagrada,2024,2h 47m,84,N/A,N/A,N/A,N/A
tt2239822,1154. Valerian y la ciudad de los mil planetas,2017,2h 16m,51,N/A,N/A,N/A,N/A
tt0454841,1155. Las colinas tienen ojos,2006,1h 47m,52,N/A,N/A,N/A,N/A
tt0257106,1156. Scary Movie 2,2001,1h 23m,29,N/A,N/A,N/A,N/A
tt0246460,1157. Muere otro día,2002,2h 13m,56,N/A,N/A,N/A,N/A
tt0465538,1158. Michael Clayton,2007,1h 59m,82,N/A,N/A,N/A,N/A
tt2310332,1159. El hobbit: La batalla de los cinco ejércitos,2014,2h 24m,59,N/A,N/A,N/A,N/A
tt15325794,116. Fall,2022,1h 47m,62,N/A,N/A,N/A,N/A
tt0181852,1160. Terminator 3: La rebelión de las máquinas,2003,1h 49m,66,N/A,N/A,N/A,N/A
tt0480025,1161. This Is England,2006,1h 41m,86,N/A,N/A,N/A,N/A
tt0389860,1162. Click,2006,1h 47m,45,N/A,N/A,N/A,N/A
tt0299658,1163. Chicago,2002,1h 53m,81,N/A,N/A,N/A,N/A
tt1490017,1164. La LEGO película,2014,1h 40m,83,N/A,N/A,N/A,N/A
tt0234215,1165. Matrix Reloaded,2003,2h 18m,62,N/A,N/A,N/A,N/A
tt1305806,1166. El secreto de sus ojos,2009,2h 9m,80,N/A,N/A,N/A,N/A
tt0243155,1167. El diario de Bridget Jones,2001,1h 37m,66,N/A,N/A,N/A,N/A
tt0450278,1168. Hostel,2005,1h 34m,55,N/A,N/A,N/A,N/A
tt2245084,1169. Big Hero 6,2014,1h 42m,74,N/A,N/A,N/A,N/A
tt12593682,117. Bullet Train,2022,2h 7m,49,N/A,N/A,N/A,N/A
tt3766354,1170. The Equalizer 2,2018,2h 1m,50,N/A,N/A,N/A,N/A
tt2382009,1171. Nymphomaniac (volumen 2),2013,2h 4m,61,N/A,N/A,N/A,N/A
tt2231461,1172. Proyecto Rampage,2018,1h 47m,45,N/A,N/A,N/A,N/A
tt1632708,1173. Con derecho a roce,2011,1h 49m,63,N/A,N/A,N/A,N/A
tt0974015,1174. Liga de la Justicia,2017,2h,45,N/A,N/A,N/A,N/A
tt17677434,1175. La fiebre de los ricos,2024,1h 56m,N/A,N/A,N/A,N/A,N/A
tt2179136,1176. El francotirador,2014,2h 13m,73,N/A,N/A,N/A,N/A
tt0837562,1177. Hotel Transilvania,2012,1h 31m,47,N/A,N/A,N/A,N/A
tt0426592,1178. Superhero Movie,2008,1h 15m,33,N/A,N/A,N/A,N/A
tt0830558,1179. La chica de al lado,2007,1h 31m,29,N/A,N/A,N/A,N/A
tt0437954,118. Aprendiz de caballero,2007,1h 37m,N/A,N/A,N/A,N/A,N/A
tt10365912,1180. Becoming Led Zeppelin,2025,2h 2m,64,N/A,N/A,N/A,N/A
tt3083016,1181. Superdetective en Hollywood: Axel F.,2024,1h 58m,53,N/A,N/A,N/A,N/A
tt4276820,1182. El fundador,2016,1h 55m,66,N/A,N/A,N/A,N/A
tt0993840,1183. Ejército de los muertos,2021,2h 28m,57,N/A,N/A,N/A,N/A
tt6443346,1184. Black Adam,2022,2h 5m,41,N/A,N/A,N/A,N/A
tt0367882,1185. Indiana Jones y el reino de la calavera de cristal,2008,2h 2m,65,N/A,N/A,N/A,N/A
tt2369135,1186. Need for Speed,2014,2h 12m,39,N/A,N/A,N/A,N/A
tt0405159,1187. Million Dollar Baby,2004,2h 12m,86,N/A,N/A,N/A,N/A
tt0215129,1188. Road Trip (Viaje de pirados),2000,1h 33m,55,N/A,N/A,N/A,N/A
tt0458525,1189. X-Men orígenes: Lobezno,2009,1h 47m,40,N/A,N/A,N/A,N/A
tt17490712,119. Mortal Kombat II,2025,R,N/A,N/A,N/A,N/A,N/A
tt2870612,1190. Así en la tierra como en el infierno,2014,1h 33m,39,N/A,N/A,N/A,N/A
tt1964418,1191. Tomorrowland: El mundo del mañana,2015,2h 10m,60,N/A,N/A,N/A,N/A
tt1051906,1192. El hombre invisible,2020,2h 4m,72,N/A,N/A,N/A,N/A
tt0163978,1193. La playa (The Beach),2000,1h 59m,43,N/A,N/A,N/A,N/A
tt0478970,1194. Ant-Man,2015,1h 57m,64,N/A,N/A,N/A,N/A
tt3291150,1195. Los mercen4rios,2023,1h 43m,30,N/A,N/A,N/A,N/A
tt2719848,1196. Everest,2015,2h 1m,64,N/A,N/A,N/A,N/A
tt1649419,1197. Lo imposible,2012,1h 54m,73,N/A,N/A,N/A,N/A
tt10365998,1198. Piscina infinita,2023,1h 57m,72,N/A,N/A,N/A,N/A
tt1700841,1199. La fiesta de las salchichas,2016,1h 29m,66,N/A,N/A,N/A,N/A
tt31176520,12. Eddington,2025,N/A,N/A,N/A,N/A,N/A,N/A
tt14403504,120. Sin oxígeno,2025,1h 33m,65,N/A,N/A,N/A,N/A
tt2101441,1200. Spring Breakers,2012,1h 34m,63,N/A,N/A,N/A,N/A
tt0286716,1201. Hulk,2003,2h 18m,54,N/A,N/A,N/A,N/A
tt2124787,1202. Final Girl,2015,1h 24m,N/A,N/A,N/A,N/A,N/A
tt0361862,1203. El maquinista,2004,1h 41m,61,N/A,N/A,N/A,N/A
tt8332922,1204. Un lugar tranquilo 2,2020,1h 37m,71,N/A,N/A,N/A,N/A
tt0780521,1205. Tiana y el sapo,2009,1h 37m,73,N/A,N/A,N/A,N/A
tt0949731,1206. El incidente,2008,1h 31m,34,N/A,N/A,N/A,N/A
tt0286106,1207. Señales,2002,1h 46m,59,N/A,N/A,N/A,N/A
tt9893250,1208. I Care a Lot,2020,1h 58m,66,N/A,N/A,N/A,N/A
tt2005151,1209. Juego de armas,2016,1h 54m,57,N/A,N/A,N/A,N/A
tt5177120,121. El ministerio de la guerra sucia,2024,2h 2m,55,N/A,N/A,N/A,N/A
tt0910936,1210. Superfumados,2008,1h 51m,64,N/A,N/A,N/A,N/A
tt0339291,1211. Una serie de catastróficas desdichas de Lemony Snicket,2004,1h 48m,62,N/A,N/A,N/A,N/A
tt2334879,1212. Asalto al poder,2013,2h 11m,52,N/A,N/A,N/A,N/A
tt0790636,1213. Dallas Buyers Club,2013,1h 57m,77,N/A,N/A,N/A,N/A
tt27721737,1214. Las chicas del balcón,2024,1h 44m,66,N/A,N/A,N/A,N/A
tt2752200,1215. Joven y bonita,2013,1h 35m,63,N/A,N/A,N/A,N/A
tt7958736,1216. El sótano de Ma,2019,1h 39m,53,N/A,N/A,N/A,N/A
tt15428940,1217. Jules,2023,1h 27m,57,N/A,N/A,N/A,N/A
tt0298203,1218. 8 millas,2002,1h 50m,77,N/A,N/A,N/A,N/A
tt15143042,1219. Green and Gold,2025,1h 45m,59,N/A,N/A,N/A,N/A
tt27196021,122. Small Things Like These,2024,1h 38m,82,N/A,N/A,N/A,N/A
tt7395114,1220. El diablo a todas horas,2020,2h 18m,55,N/A,N/A,N/A,N/A
tt0803096,1221. Warcraft: El origen,2016,2h 3m,32,N/A,N/A,N/A,N/A
tt0167190,1222. Hellboy,2004,2h 2m,72,N/A,N/A,N/A,N/A
tt0377309,1223. Three,2005,1h 35m,N/A,N/A,N/A,N/A,N/A
tt0338459,1224. Spy Kids 3: Game Over,2003,1h 24m,57,N/A,N/A,N/A,N/A
tt2638144,1225. Ben-Hur,2016,2h 3m,38,N/A,N/A,N/A,N/A
tt14371878,1226. Lift: Un robo de primera clase,2024,1h 47m,40,N/A,N/A,N/A,N/A
tt33029955,1227. One to One: John & Yoko,2024,1h 41m,79,N/A,N/A,N/A,N/A
tt1152836,1228. Enemigos públicos,2009,2h 20m,70,N/A,N/A,N/A,N/A
tt1045778,1229. Año uno,2009,1h 37m,34,N/A,N/A,N/A,N/A
tt6751668,123. Parásitos,2019,2h 12m,97,N/A,N/A,N/A,N/A
tt1650062,1230. Super 8,2011,1h 52m,72,N/A,N/A,N/A,N/A
tt5034838,1231. Godzilla vs. Kong,2021,1h 53m,59,N/A,N/A,N/A,N/A
tt8115900,1232. Los tipos malos,2022,1h 40m,64,N/A,N/A,N/A,N/A
tt2294449,1233. Infiltrados en la universidad,2014,1h 52m,71,N/A,N/A,N/A,N/A
tt1424381,1234. Predators,2010,1h 47m,51,N/A,N/A,N/A,N/A
tt0808151,1235. Ángeles y demonios,2009,2h 18m,48,N/A,N/A,N/A,N/A
tt1092026,1236. Paul,2011,1h 44m,57,N/A,N/A,N/A,N/A
tt4975722,1237. Moonlight,2016,1h 51m,99,N/A,N/A,N/A,N/A
tt1319694,1238. Glorious 39,2009,2h 9m,N/A,N/A,N/A,N/A,N/A
tt3606752,1239. Cars 3,2017,1h 42m,59,N/A,N/A,N/A,N/A
tt4154796,124. Vengadores: Endgame,2019,3h 1m,78,N/A,N/A,N/A,N/A
tt30840929,1240. Average Joe,2024,1h 40m,N/A,N/A,N/A,N/A,N/A
tt2404233,1241. Dioses de Egipto,2016,2h 7m,25,N/A,N/A,N/A,N/A
tt2293640,1242. Los minions,2015,1h 31m,56,N/A,N/A,N/A,N/A
tt16277242,1243. La sociedad de la nieve,2023,2h 24m,72,N/A,N/A,N/A,N/A
tt0397535,1244. Memorias de una geisha,2005,2h 25m,54,N/A,N/A,N/A,N/A
tt12598606,1245. Furia,2024,1h 46m,N/A,N/A,N/A,N/A,N/A
tt1032755,1246. RocknRolla,2008,1h 54m,53,N/A,N/A,N/A,N/A
tt5433138,1247. Fast & Furious 9,2021,2h 23m,58,N/A,N/A,N/A,N/A
tt1448754,1248. Black Friday,2023,1h 46m,63,N/A,N/A,N/A,N/A
tt0348333,1249. ¡Marchando!,2005,1h 34m,30,N/A,N/A,N/A,N/A
tt19403516,125. Hallow Road,2025,1h 20m,72,N/A,N/A,N/A,N/A
tt21201300,1250. El hombre del saco (Bagman),2024,1h 33m,N/A,N/A,N/A,N/A,N/A
tt0322259,1251. 2 Fast 2 Furious: A todo gas 2,2003,1h 47m,38,N/A,N/A,N/A,N/A
tt0257044,1252. Camino a la perdición,2002,1h 57m,72,N/A,N/A,N/A,N/A
tt23648788,1253. Contraataque,2025,1h 24m,N/A,N/A,N/A,N/A,N/A
tt2304933,1254. La quinta ola,2016,1h 52m,33,N/A,N/A,N/A,N/A
tt2980516,1255. La teoría del todo,2014,2h 3m,71,N/A,N/A,N/A,N/A
tt6320628,1256. Spider-Man: Lejos de casa,2019,2h 9m,69,N/A,N/A,N/A,N/A
tt1136608,1257. Distrito 9,2009,1h 52m,81,N/A,N/A,N/A,N/A
tt32321317,1258. Pillion,2025,1h 43m,N/A,N/A,N/A,N/A,N/A
tt0398808,1259. Un puente hacia Terabithia,2007,1h 36m,74,N/A,N/A,N/A,N/A
tt31973693,126. The Roses,2025,N/A,N/A,N/A,N/A,N/A,N/A
tt6772950,1260. Verdad o reto,2018,1h 40m,35,N/A,N/A,N/A,N/A
tt1855199,1261. Sin tregua,2012,1h 49m,68,N/A,N/A,N/A,N/A
tt0817177,1262. Mi primer amor,2010,1h 30m,45,N/A,N/A,N/A,N/A
tt23782584,1263. Nr. 24,2024,1h 51m,N/A,N/A,N/A,N/A,N/A
tt0375679,1264. Crash (Colisión),2004,1h 52m,66,N/A,N/A,N/A,N/A
tt2312718,1265. El protector (Homefront),2013,1h 40m,40,N/A,N/A,N/A,N/A
tt0120917,1266. El emperador y sus locuras,2000,1h 18m,70,N/A,N/A,N/A,N/A
tt1386703,1267. Total Recall: Desafío total,2012,1h 58m,43,N/A,N/A,N/A,N/A
tt1791528,1268. Puro vicio,2014,2h 28m,81,N/A,N/A,N/A,N/A
tt2562232,1269. Birdman o (La inesperada virtud de la ignorancia),2014,1h 59m,87,N/A,N/A,N/A,N/A
tt15671028,127. Sin malos rollos,2023,1h 43m,59,N/A,N/A,N/A,N/A
tt10172266,"1270. Rojo, blanco y sangre azul",2023,1h 58m,62,N/A,N/A,N/A,N/A
tt6823368,1271. Glass (Cristal),2019,2h 9m,43,N/A,N/A,N/A,N/A
tt0409847,1272. Cowboys & Aliens,2011,1h 59m,50,N/A,N/A,N/A,N/A
tt14371860,1273. Apartamento 7A,2024,1h 47m,49,N/A,N/A,N/A,N/A
tt1600196,1274. La entrega,2014,1h 46m,69,N/A,N/A,N/A,N/A
tt15268244,1275. Locas en apuros,2023,1h 35m,74,N/A,N/A,N/A,N/A
tt0290334,1276. X-Men 2,2003,2h 14m,68,N/A,N/A,N/A,N/A
tt6806448,1277. Fast & Furious: Hobbs & Shaw,2019,2h 17m,60,N/A,N/A,N/A,N/A
tt1038686,1278. Legión,2010,1h 40m,32,N/A,N/A,N/A,N/A
tt1979376,1279. Toy Story 4,2019,1h 40m,84,N/A,N/A,N/A,N/A
tt16366836,128. Venom: El último baile,2024,1h 50m,41,N/A,N/A,N/A,N/A
tt27714840,1280. Red clasificada,2024,1h 45m,N/A,N/A,N/A,N/A,N/A
tt7737786,1281. Greenland: El último refugio,2020,1h 59m,64,N/A,N/A,N/A,N/A
tt15782690,1282. En tierra de santos y pecadores,2023,1h 46m,60,N/A,N/A,N/A,N/A
tt2034800,1283. La Gran Muralla,2016,1h 43m,42,N/A,N/A,N/A,N/A
tt0311113,1284. Master and Commander: Al otro lado del mundo,2003,2h 18m,81,N/A,N/A,N/A,N/A
tt3040964,1285. El libro de la selva,2016,1h 46m,77,N/A,N/A,N/A,N/A
tt11214558,1286. The Smashing Machine,2025,N/A,N/A,N/A,N/A,N/A,N/A
tt0146882,1287. Alta fidelidad,2000,1h 53m,79,N/A,N/A,N/A,N/A
tt4218572,1288. Viudas,2018,2h 9m,84,N/A,N/A,N/A,N/A
tt8174412,1289. Pasando página,2022,1h 26m,73,N/A,N/A,N/A,N/A
tt33307144,129. Court: State vs. A Nobody,2025,2h 35m,N/A,N/A,N/A,N/A,N/A
tt0844708,1290. La última casa a la izquierda,2009,1h 53m,42,N/A,N/A,N/A,N/A
tt35521922,1291. Good Boy,2025,1h 12m,71,N/A,N/A,N/A,N/A
tt5834426,1292. Moonfall,2022,2h 10m,41,N/A,N/A,N/A,N/A
tt1645170,1293. El dictador,2012,1h 23m,58,N/A,N/A,N/A,N/A
tt22207786,1294. Las habitaciones rojas,2023,1h 58m,80,N/A,N/A,N/A,N/A
tt35636950,1295. Kaiju No.8,2025,2h,N/A,N/A,N/A,N/A,N/A
tt3128900,1296. Miss Meadows,2014,1h 28m,43,N/A,N/A,N/A,N/A
tt0191397,1297. Equipo a la fuerza,2000,1h 58m,30,N/A,N/A,N/A,N/A
tt22041854,1298. Priscilla,2023,1h 53m,79,N/A,N/A,N/A,N/A
tt8093700,1299. La mujer rey,2022,2h 15m,76,N/A,N/A,N/A,N/A
tt7967302,13. El Rey de Reyes,2025,1h 43m,42,N/A,N/A,N/A,N/A
tt14230458,130. Pobres criaturas,2023,2h 21m,88,N/A,N/A,N/A,N/A
tt5308322,1300. Feliz día de tu muerte,2017,1h 36m,58,N/A,N/A,N/A,N/A
tt3778644,1301. Han Solo: Una historia de Star Wars,2018,2h 15m,62,N/A,N/A,N/A,N/A
tt1340138,1302. Terminator: Génesis,2015,2h 6m,38,N/A,N/A,N/A,N/A
tt2704998,1303. Noche de juegos,2018,1h 40m,66,N/A,N/A,N/A,N/A
tt1660648,1304. Ricky Stanicky,2024,1h 53m,44,N/A,N/A,N/A,N/A
tt7032958,1305. Mashina lyubvi,2016,1h 19m,N/A,N/A,N/A,N/A,N/A
tt0251736,1306. La casa de los 1000 cadáveres,2003,1h 29m,31,N/A,N/A,N/A,N/A
tt3170832,1307. La habitación,2015,1h 58m,86,N/A,N/A,N/A,N/A
tt7456310,1308. Anna,2019,1h 58m,40,N/A,N/A,N/A,N/A
tt8633478,1309. Mamá te quiere,2020,1h 30m,67,N/A,N/A,N/A,N/A
tt7181546,131. Ballerina,2025,1h 29m,N/A,N/A,N/A,N/A,N/A
tt2381111,1310. Brooklyn,2015,1h 57m,88,N/A,N/A,N/A,N/A
tt1272878,1311. 2 Guns,2013,1h 49m,55,N/A,N/A,N/A,N/A
tt13274016,1312. Reptiles,2023,2h 14m,52,N/A,N/A,N/A,N/A
tt1291150,1313. Ninja Turtles,2014,1h 41m,31,N/A,N/A,N/A,N/A
tt0164184,1314. Pánico nuclear,2002,2h 8m,45,N/A,N/A,N/A,N/A
tt0381849,1315. El tren de las 3:10,2007,2h 2m,76,N/A,N/A,N/A,N/A
tt0259324,1316. Ghost Rider: El motorista fantasma,2007,1h 50m,35,N/A,N/A,N/A,N/A
tt2948372,1317. Soul,2020,1h 40m,83,N/A,N/A,N/A,N/A
tt17076046,1318. Weird: La historia de Al Yankovic,2022,1h 48m,70,N/A,N/A,N/A,N/A
tt35683795,1319. Criminales de lujo,2025,1h 37m,N/A,N/A,N/A,N/A,N/A
tt32221196,132. One of Them Days,2025,1h 37m,71,N/A,N/A,N/A,N/A
tt15939198,1320. Blitz,2024,2h,71,N/A,N/A,N/A,N/A
tt31951179,1321. Jongli,2025,2h 32m,N/A,N/A,N/A,N/A,N/A
tt35242182,1322. Bears on a Ship,2025,1h 15m,N/A,N/A,N/A,N/A,N/A
tt0295701,1323. xXx,2002,2h 4m,48,N/A,N/A,N/A,N/A
tt1524930,1324. Vacaciones,2015,1h 39m,34,N/A,N/A,N/A,N/A
tt1196141,1325. El diario de Greg,2010,1h 34m,56,N/A,N/A,N/A,N/A
tt0379786,1326. Serenity,2005,1h 59m,74,N/A,N/A,N/A,N/A
tt4857264,1327. Contratiempo,2016,1h 46m,N/A,N/A,N/A,N/A,N/A
tt1772341,1328. ¡Rompe Ralph!,2012,1h 41m,72,N/A,N/A,N/A,N/A
tt5814060,1329. La monja,2018,1h 36m,46,N/A,N/A,N/A,N/A
tt15314262,133. Beekeeper: El protector,2024,1h 45m,53,N/A,N/A,N/A,N/A
tt1216475,1330. Cars 2,2011,1h 46m,57,N/A,N/A,N/A,N/A
tt28277817,1331. Bird,2024,1h 59m,74,N/A,N/A,N/A,N/A
tt0160127,1332. Los ángeles de Charlie,2000,1h 38m,52,N/A,N/A,N/A,N/A
tt1060277,1333. Monstruoso,2008,1h 25m,64,N/A,N/A,N/A,N/A
tt1972591,1334. Rey Arturo: La leyenda de Excalibur,2017,2h 6m,41,N/A,N/A,N/A,N/A
tt4364194,1335. La familia que tú eliges,2019,1h 37m,70,N/A,N/A,N/A,N/A
tt14463484,1336. A través de mi ventana,2022,1h 56m,N/A,N/A,N/A,N/A,N/A
tt0393162,1337. Coach Carter,2005,2h 16m,57,N/A,N/A,N/A,N/A
tt0398165,1338. El clan de los rompehuesos,2005,1h 53m,48,N/A,N/A,N/A,N/A
tt0348150,1339. Superman Returns: El regreso,2006,2h 34m,72,N/A,N/A,N/A,N/A
tt1877830,134. The Batman,2022,2h 56m,72,N/A,N/A,N/A,N/A
tt13186604,1340. Los feos,2024,1h 40m,34,N/A,N/A,N/A,N/A
tt1242460,1341. Tenemos que hablar de Kevin,2011,1h 52m,68,N/A,N/A,N/A,N/A
tt0443543,1342. El ilusionista,2006,1h 50m,68,N/A,N/A,N/A,N/A
tt1981115,1343. Thor: El mundo oscuro,2013,1h 52m,54,N/A,N/A,N/A,N/A
tt0327137,1344. El secreto de los McCann,2003,1h 51m,52,N/A,N/A,N/A,N/A
tt1334260,1345. Nunca me abandones,2010,1h 43m,69,N/A,N/A,N/A,N/A
tt32086034,1346. Holy Cow,2024,1h 32m,83,N/A,N/A,N/A,N/A
tt3399484,1347. The Sand,2015,1h 24m,N/A,N/A,N/A,N/A,N/A
tt0218839,1348. Very Important Perros,2000,1h 30m,78,N/A,N/A,N/A,N/A
tt1598778,1349. Contagio,2011,1h 46m,70,N/A,N/A,N/A,N/A
tt2267998,135. Perdida,2014,2h 29m,79,N/A,N/A,N/A,N/A
tt0317740,1350. The Italian Job,2003,1h 51m,68,N/A,N/A,N/A,N/A
tt1276104,1351. Looper,2012,1h 59m,84,N/A,N/A,N/A,N/A
tt1655441,1352. El secreto de Adaline,2015,1h 52m,51,N/A,N/A,N/A,N/A
tt0133240,1353. El planeta del tesoro,2002,1h 35m,60,N/A,N/A,N/A,N/A
tt1899353,1354. Redada asesina,2011,1h 41m,73,N/A,N/A,N/A,N/A
tt3532216,1355. Barry Seal: El traficante,2017,1h 55m,65,N/A,N/A,N/A,N/A
tt0200465,1356. El robo del siglo,2008,1h 51m,69,N/A,N/A,N/A,N/A
tt9051908,1357. Living,2022,1h 42m,81,N/A,N/A,N/A,N/A
tt31184028,1358. Together,2025,1h 42m,76,N/A,N/A,N/A,N/A
tt0421239,1359. Vuelo nocturno,2005,1h 25m,71,N/A,N/A,N/A,N/A
tt26753003,136. La trampa,2024,1h 45m,52,N/A,N/A,N/A,N/A
tt6628394,1360. Malos tiempos en El Royale,2018,2h 21m,60,N/A,N/A,N/A,N/A
tt1010271,1361. Recuerdos perversos,2007,1h 21m,N/A,N/A,N/A,N/A,N/A
tt7126948,1362. Wonder Woman 1984,2020,2h 31m,60,N/A,N/A,N/A,N/A
tt1055369,1363. Transformers: La venganza de los caídos,2009,2h 29m,35,N/A,N/A,N/A,N/A
tt7740496,1364. El callejón de las almas perdidas,2021,2h 30m,70,N/A,N/A,N/A,N/A
tt0905372,1365. La cosa (The Thing),2011,1h 43m,49,N/A,N/A,N/A,N/A
